date_key,requests,avg_complexity_score,backlog_count,sla_met_count,day_of_week,is_weekend,month,is_winter,week_of_year,day_index,lag_1,lag_7,rolling_mean_7,rolling_mean_28
2025-08-29,24.0,36.12727272727273,0.0,23.0,4,0,8,1,35,28,32.0,24.0,22.142857142857142,20.714285714285715
2025-08-30,4.0,37.1,1.0,3.0,5,1,8,1,35,29,24.0,12.0,22.142857142857142,20.857142857142858
2025-08-31,7.0,36.128571428571426,1.0,5.0,6,1,8,1,35,30,4.0,11.0,21.0,20.607142857142858
2025-09-01,21.0,39.495238095238086,1.0,15.0,0,0,9,0,36,31,7.0,30.0,20.428571428571427,20.535714285714285
2025-09-02,26.0,41.2984126984127,0.0,21.0,1,0,9,0,36,32,21.0,19.0,19.142857142857142,20.357142857142858
2025-09-03,14.0,30.616666666666664,0.0,14.0,2,0,9,0,36,33,26.0,27.0,20.142857142857142,20.321428571428573
2025-09-04,17.0,41.252941176470586,2.0,14.0,3,0,9,0,36,34,14.0,32.0,18.285714285714285,19.964285714285715
2025-09-05,20.0,44.326470588235296,0.0,17.0,4,0,9,0,36,35,17.0,24.0,16.142857142857142,19.678571428571427
2025-09-06,15.0,37.17142857142858,1.0,13.0,5,1,9,0,36,36,20.0,4.0,15.571428571428571,19.571428571428573
2025-09-07,8.0,49.228571428571435,0.0,8.0,6,1,9,0,36,37,15.0,7.0,17.142857142857142,19.535714285714285
2025-09-08,21.0,41.44285714285714,2.0,18.0,0,0,9,0,37,38,8.0,21.0,17.285714285714285,19.571428571428573
2025-09-09,22.0,43.86111111111111,4.0,16.0,1,0,9,0,37,39,21.0,26.0,17.285714285714285,19.464285714285715
2025-09-10,26.0,32.58859649122807,1.0,24.0,2,0,9,0,37,40,22.0,14.0,16.714285714285715,19.357142857142858
2025-09-11,18.0,40.83529411764705,1.0,15.0,3,0,9,0,37,41,26.0,17.0,18.428571428571427,19.892857142857142
2025-09-12,30.0,38.96666666666666,3.0,23.0,4,0,9,0,37,42,18.0,20.0,18.571428571428573,19.392857142857142
2025-09-13,7.0,40.800000000000004,1.0,6.0,5,1,9,0,37,43,30.0,15.0,20.0,19.678571428571427
2025-09-14,9.0,36.52222222222222,0.0,8.0,6,1,9,0,37,44,7.0,8.0,18.857142857142858,19.607142857142858
2025-09-15,20.0,43.791666666666664,0.0,18.0,0,0,9,0,38,45,9.0,21.0,19.0,19.428571428571427
2025-09-16,19.0,38.712500000000006,0.0,19.0,1,0,9,0,38,46,20.0,22.0,18.857142857142858,19.178571428571427
2025-09-17,21.0,39.25263157894737,0.0,21.0,2,0,9,0,38,47,19.0,26.0,18.428571428571427,19.071428571428573
2025-09-18,21.0,31.819047619047616,1.0,20.0,3,0,9,0,38,48,21.0,18.0,17.714285714285715,18.857142857142858
2025-09-19,22.0,46.864999999999995,1.0,17.0,4,0,9,0,38,49,21.0,30.0,18.142857142857142,18.75
2025-09-20,8.0,30.537499999999998,0.0,8.0,5,1,9,0,38,50,22.0,7.0,17.0,18.678571428571427
2025-09-21,6.0,44.73333333333333,0.0,6.0,6,1,9,0,38,51,8.0,9.0,17.142857142857142,18.535714285714285
2025-09-22,19.0,40.273529411764706,1.0,16.0,0,0,9,0,39,52,6.0,20.0,16.714285714285715,18.357142857142858
2025-09-23,24.0,39.037499999999994,2.0,20.0,1,0,9,0,39,53,19.0,19.0,16.571428571428573,17.964285714285715
2025-09-24,19.0,53.40666666666667,1.0,15.0,2,0,9,0,39,54,24.0,21.0,17.285714285714285,18.142857142857142
2025-09-25,17.0,47.528124999999996,0.0,14.0,3,0,9,0,39,55,19.0,21.0,17.0,17.857142857142858
2025-09-26,16.0,37.74,0.0,15.0,4,0,9,0,39,56,17.0,22.0,16.428571428571427,17.321428571428573
2025-09-27,7.0,41.900000000000006,2.0,5.0,5,1,9,0,39,57,16.0,8.0,15.571428571428571,17.035714285714285
2025-09-28,8.0,37.142857142857146,1.0,6.0,6,1,9,0,39,58,7.0,6.0,15.428571428571429,17.142857142857142
2025-09-29,16.0,39.135714285714286,2.0,12.0,0,0,9,0,40,59,8.0,19.0,15.714285714285714,17.178571428571427
2025-09-30,18.0,38.00588235294118,1.0,15.0,1,0,9,0,40,60,16.0,24.0,15.285714285714286,17.0
2025-10-01,16.0,32.525,1.0,14.0,2,0,10,0,40,61,18.0,19.0,14.428571428571429,16.714285714285715
2025-10-02,22.0,33.3,0.0,19.0,3,0,10,0,40,62,16.0,17.0,14.0,16.785714285714285
2025-10-03,18.0,35.57058823529412,0.0,18.0,4,0,10,0,40,63,22.0,16.0,14.714285714285714,16.964285714285715
2025-10-04,8.0,41.4625,1.0,7.0,5,1,10,0,40,64,18.0,7.0,15.0,16.892857142857142
2025-10-05,9.0,31.012500000000003,3.0,6.0,6,1,10,0,40,65,8.0,8.0,15.142857142857142,16.642857142857142
2025-10-06,15.0,32.08571428571428,1.0,13.0,0,0,10,0,41,66,9.0,16.0,15.285714285714286,16.678571428571427
2025-10-07,22.0,35.42368421052631,0.0,20.0,1,0,10,0,41,67,15.0,18.0,15.142857142857142,16.464285714285715
2025-10-08,23.0,39.4695652173913,2.0,21.0,2,0,10,0,41,68,22.0,16.0,15.714285714285714,16.464285714285715
2025-10-09,32.0,41.06451612903226,2.0,24.0,3,0,10,0,41,69,23.0,22.0,16.714285714285715,16.357142857142858
2025-10-10,15.0,48.87142857142858,2.0,12.0,4,0,10,0,41,70,32.0,18.0,18.142857142857142,16.857142857142858
2025-10-11,8.0,57.0375,0.0,6.0,5,1,10,0,41,71,15.0,8.0,17.714285714285715,16.321428571428573
2025-10-12,9.0,36.68749999999999,1.0,6.0,6,1,10,0,41,72,8.0,9.0,17.714285714285715,16.357142857142858
2025-10-13,24.0,38.81590909090909,3.0,18.0,0,0,10,0,42,73,9.0,15.0,17.714285714285715,16.357142857142858
2025-10-14,18.0,41.805882352941175,0.0,18.0,1,0,10,0,42,74,24.0,22.0,19.0,16.5
2025-10-15,20.0,44.14117647058824,1.0,17.0,2,0,10,0,42,75,18.0,23.0,18.428571428571427,16.464285714285715
2025-10-16,21.0,39.95625,4.0,17.0,3,0,10,0,42,76,20.0,32.0,18.0,16.428571428571427
2025-10-17,24.0,38.19130434782609,2.0,21.0,4,0,10,0,42,77,21.0,15.0,16.428571428571427,16.428571428571427
2025-10-18,4.0,44.43333333333334,0.0,3.0,5,1,10,0,42,78,24.0,8.0,17.714285714285715,16.5
2025-10-19,9.0,44.5875,1.0,6.0,6,1,10,0,42,79,4.0,9.0,17.142857142857142,16.357142857142858
2025-10-20,21.0,32.89473684210526,1.0,17.0,0,0,10,0,43,80,9.0,24.0,17.142857142857142,16.464285714285715
2025-10-21,22.0,35.9125,4.0,17.0,1,0,10,0,43,81,21.0,18.0,16.714285714285715,16.535714285714285
2025-10-22,13.0,36.4,1.0,11.0,2,0,10,0,43,82,22.0,20.0,17.285714285714285,16.464285714285715
2025-10-23,25.0,36.12249999999999,3.0,21.0,3,0,10,0,43,83,13.0,21.0,16.285714285714285,16.25
2025-10-24,20.0,45.255263157894724,2.0,17.0,4,0,10,0,43,84,25.0,24.0,16.857142857142858,16.535714285714285
2025-10-25,13.0,46.3076923076923,0.0,10.0,5,1,10,0,43,85,20.0,4.0,16.285714285714285,16.678571428571427
2025-10-26,7.0,31.657142857142862,1.0,5.0,6,1,10,0,43,86,13.0,9.0,17.571428571428573,16.892857142857142
2025-10-27,15.0,39.66071428571429,2.0,12.0,0,0,10,0,44,87,7.0,21.0,17.285714285714285,16.857142857142858
2025-10-28,34.0,42.15312500000001,2.0,28.0,1,0,10,0,44,88,15.0,22.0,16.428571428571427,16.821428571428573
2025-10-29,18.0,32.23529411764706,2.0,15.0,2,0,10,0,44,89,34.0,13.0,18.142857142857142,17.392857142857142
2025-10-30,20.0,44.58500000000001,2.0,16.0,3,0,10,0,44,90,18.0,25.0,18.857142857142858,17.464285714285715
2025-10-31,23.0,42.122727272727275,0.0,20.0,4,0,10,0,44,91,20.0,20.0,18.142857142857142,17.392857142857142
2025-11-01,6.0,32.050000000000004,0.0,6.0,5,1,11,0,44,92,23.0,13.0,18.571428571428573,17.571428571428573
2025-11-02,11.0,39.870000000000005,0.0,10.0,6,1,11,0,44,93,6.0,7.0,17.571428571428573,17.5
2025-11-03,28.0,35.31250000000001,2.0,24.0,0,0,11,0,45,94,11.0,15.0,18.142857142857142,17.571428571428573
2025-11-04,23.0,41.152631578947364,1.0,17.0,1,0,11,0,45,95,28.0,34.0,20.0,18.035714285714285
2025-11-05,13.0,44.61249999999999,4.0,9.0,2,0,11,0,45,96,23.0,18.0,18.428571428571427,18.071428571428573
2025-11-06,20.0,42.00735294117647,2.0,16.0,3,0,11,0,45,97,13.0,20.0,17.714285714285715,17.714285714285715
2025-11-07,22.0,40.436363636363645,2.0,18.0,4,0,11,0,45,98,20.0,23.0,17.714285714285715,17.285714285714285
2025-11-08,6.0,43.73333333333333,1.0,4.0,5,1,11,0,45,99,22.0,6.0,17.571428571428573,17.535714285714285
2025-11-09,7.0,34.6,2.0,5.0,6,1,11,0,45,100,6.0,11.0,17.571428571428573,17.464285714285715
2025-11-10,20.0,41.391666666666666,1.0,16.0,0,0,11,0,46,101,7.0,28.0,17.0,17.392857142857142
2025-11-11,17.0,38.26470588235294,0.0,15.0,1,0,11,0,46,102,20.0,23.0,15.857142857142858,17.25
2025-11-12,29.0,36.6326923076923,1.0,25.0,2,0,11,0,46,103,17.0,13.0,15.0,17.214285714285715
2025-11-13,14.0,42.75,1.0,11.0,3,0,11,0,46,104,29.0,20.0,17.285714285714285,17.535714285714285
2025-11-14,24.0,49.0939393939394,1.0,20.0,4,0,11,0,46,105,14.0,22.0,16.428571428571427,17.285714285714285
2025-11-15,7.0,25.899999999999995,0.0,7.0,5,1,11,0,46,106,24.0,6.0,16.714285714285715,17.285714285714285
2025-11-16,9.0,43.51111111111111,0.0,7.0,6,1,11,0,46,107,7.0,7.0,16.857142857142858,17.392857142857142
2025-11-17,24.0,35.36363636363637,2.0,21.0,0,0,11,0,47,108,9.0,20.0,17.142857142857142,17.392857142857142
2025-11-18,25.0,35.4,1.0,21.0,1,0,11,0,47,109,24.0,17.0,17.714285714285715,17.5
2025-11-19,14.0,49.400000000000006,2.0,11.0,2,0,11,0,47,110,25.0,29.0,18.857142857142858,17.607142857142858
2025-11-20,21.0,30.72222222222222,0.0,20.0,3,0,11,0,47,111,14.0,14.0,16.714285714285715,17.642857142857142
2025-11-21,19.0,37.288888888888884,3.0,15.0,4,0,11,0,47,112,21.0,24.0,17.714285714285715,17.5
2025-11-22,13.0,38.604166666666664,1.0,11.0,5,1,11,0,47,113,19.0,7.0,17.0,17.464285714285715
2025-11-23,6.0,27.783333333333335,0.0,5.0,6,1,11,0,47,114,13.0,9.0,17.857142857142858,17.464285714285715
2025-11-24,21.0,40.647368421052626,0.0,17.0,0,0,11,0,48,115,6.0,24.0,17.428571428571427,17.428571428571427
2025-11-25,27.0,30.997916666666672,2.0,23.0,1,0,11,0,48,116,21.0,25.0,17.0,17.642857142857142
2025-11-26,16.0,34.306666666666665,1.0,14.0,2,0,11,0,48,117,27.0,14.0,17.285714285714285,17.392857142857142
2025-11-27,30.0,35.975,3.0,26.0,3,0,11,0,48,118,16.0,21.0,17.571428571428573,17.321428571428573
2025-11-28,25.0,39.969565217391306,2.0,20.0,4,0,11,0,48,119,30.0,19.0,18.857142857142858,17.678571428571427
2025-11-29,4.0,37.849999999999994,1.0,3.0,5,1,11,0,48,120,25.0,13.0,19.714285714285715,17.75
2025-11-30,11.0,49.71818181818182,0.0,10.0,6,1,11,0,48,121,4.0,6.0,18.428571428571427,17.678571428571427
2025-12-01,17.0,36.711764705882345,1.0,16.0,0,0,12,0,49,122,11.0,21.0,19.142857142857142,17.678571428571427
2025-12-02,17.0,44.53125,2.0,11.0,1,0,12,0,49,123,17.0,27.0,18.571428571428573,17.285714285714285
2025-12-03,32.0,33.12166666666667,2.0,29.0,2,0,12,0,49,124,17.0,16.0,17.142857142857142,17.071428571428573
2025-12-04,15.0,33.23461538461538,1.0,13.0,3,0,12,0,49,125,32.0,30.0,19.428571428571427,17.75
2025-12-05,25.0,41.7695652173913,0.0,23.0,4,0,12,0,49,126,15.0,25.0,17.285714285714285,17.571428571428573
2025-12-06,12.0,37.154545454545456,1.0,8.0,5,1,12,0,49,127,25.0,4.0,17.285714285714285,17.678571428571427
2025-12-07,8.0,44.475,1.0,6.0,6,1,12,0,49,128,12.0,11.0,18.428571428571427,17.892857142857142
2025-12-08,21.0,39.95249999999999,0.0,14.0,0,0,12,0,50,129,8.0,17.0,18.0,17.928571428571427
2025-12-09,18.0,39.982352941176465,1.0,15.0,1,0,12,0,50,130,21.0,17.0,18.571428571428573,17.964285714285715
2025-12-10,16.0,47.24375,1.0,12.0,2,0,12,0,50,131,18.0,32.0,18.714285714285715,18.0
2025-12-11,22.0,41.919047619047625,1.0,19.0,3,0,12,0,50,132,16.0,15.0,16.428571428571427,17.535714285714285
2025-12-12,16.0,43.39999999999999,1.0,9.0,4,0,12,0,50,133,22.0,25.0,17.428571428571427,17.821428571428573
2025-12-13,10.0,35.61,2.0,7.0,5,1,12,0,50,134,16.0,12.0,16.142857142857142,17.535714285714285
2025-12-14,8.0,40.787499999999994,0.0,6.0,6,1,12,0,50,135,10.0,8.0,15.857142857142858,17.642857142857142
2025-12-15,30.0,39.35344827586207,3.0,24.0,0,0,12,0,51,136,8.0,21.0,15.857142857142858,17.607142857142858
2025-12-16,17.0,49.20625,2.0,12.0,1,0,12,0,51,137,30.0,18.0,17.142857142857142,17.821428571428573
2025-12-17,20.0,35.21578947368421,1.0,18.0,2,0,12,0,51,138,17.0,16.0,17.0,17.535714285714285
2025-12-18,19.0,52.63157894736842,1.0,16.0,3,0,12,0,51,139,20.0,22.0,17.571428571428573,17.75
2025-12-19,18.0,31.96249999999999,3.0,15.0,4,0,12,0,51,140,19.0,16.0,17.142857142857142,17.678571428571427
2025-12-20,16.0,28.396428571428576,0.0,16.0,5,1,12,0,51,141,18.0,10.0,17.428571428571427,17.642857142857142
2025-12-21,7.0,32.01666666666667,0.0,7.0,6,1,12,0,51,142,16.0,8.0,18.285714285714285,17.75
2025-12-22,18.0,42.138888888888886,1.0,16.0,0,0,12,0,52,143,7.0,30.0,18.142857142857142,17.785714285714285
2025-12-23,19.0,34.752941176470586,0.0,15.0,1,0,12,0,52,144,18.0,17.0,16.428571428571427,17.678571428571427
2025-12-24,23.0,48.347727272727276,3.0,15.0,2,0,12,0,52,145,19.0,20.0,16.714285714285715,17.392857142857142
2025-12-25,21.0,34.13809523809524,3.0,17.0,3,0,12,0,52,146,23.0,19.0,17.142857142857142,17.642857142857142
2025-12-26,20.0,43.01388888888889,1.0,19.0,4,0,12,0,52,147,21.0,18.0,17.428571428571427,17.321428571428573
2025-12-27,12.0,42.89166666666667,1.0,11.0,5,1,12,0,52,148,20.0,16.0,17.714285714285715,17.142857142857142
2025-12-28,12.0,39.46363636363637,0.0,11.0,6,1,12,0,52,149,12.0,7.0,17.142857142857142,17.428571428571427
2025-12-29,18.0,45.98666666666667,0.0,17.0,0,0,12,0,1,150,12.0,18.0,17.857142857142858,17.464285714285715
2025-12-30,26.0,46.04999999999999,0.0,19.0,1,0,12,0,1,151,18.0,19.0,17.857142857142858,17.5
2025-12-31,23.0,35.09090909090909,2.0,20.0,2,0,12,0,1,152,26.0,23.0,18.857142857142858,17.821428571428573
2026-01-01,18.0,30.566666666666663,0.0,18.0,3,0,1,0,1,153,23.0,21.0,18.857142857142858,17.5
2026-01-02,24.0,32.06086956521739,1.0,19.0,4,0,1,0,1,154,18.0,20.0,18.428571428571427,17.607142857142858
2026-01-03,9.0,40.15555555555556,1.0,7.0,5,1,1,0,1,155,24.0,12.0,19.0,17.571428571428573
2026-01-04,5.0,57.449999999999996,1.0,3.0,6,1,1,0,1,156,9.0,12.0,18.571428571428573,17.464285714285715
2026-01-05,24.0,37.12,2.0,20.0,0,0,1,0,2,157,5.0,18.0,17.571428571428573,17.357142857142858
2026-01-06,18.0,37.76176470588235,1.0,17.0,1,0,1,0,2,158,24.0,26.0,18.428571428571427,17.464285714285715
2026-01-07,19.0,38.5388888888889,2.0,15.0,2,0,1,0,2,159,18.0,23.0,17.285714285714285,17.464285714285715
2026-01-08,27.0,43.336000000000006,1.0,22.0,3,0,1,0,2,160,19.0,18.0,16.714285714285715,17.571428571428573
2026-01-09,14.0,34.349999999999994,1.0,13.0,4,0,1,0,2,161,27.0,24.0,18.0,17.75
2026-01-10,14.0,40.57692307692308,1.0,11.0,5,1,1,0,2,162,14.0,9.0,16.571428571428573,17.678571428571427
2026-01-11,13.0,36.39166666666667,2.0,11.0,6,1,1,0,2,163,14.0,5.0,17.285714285714285,17.821428571428573
2026-01-12,19.0,40.699999999999996,0.0,18.0,0,0,1,0,3,164,13.0,24.0,18.428571428571427,18.0
2026-01-13,19.0,35.229166666666664,2.0,16.0,1,0,1,0,3,165,19.0,18.0,17.714285714285715,17.607142857142858
2026-01-14,26.0,40.013999999999996,2.0,24.0,2,0,1,0,3,166,19.0,19.0,17.857142857142858,17.678571428571427
2026-01-15,17.0,35.675,4.0,12.0,3,0,1,0,3,167,26.0,27.0,18.857142857142858,17.892857142857142
2026-01-16,25.0,39.99583333333334,0.0,19.0,4,0,1,0,3,168,17.0,14.0,17.428571428571427,17.821428571428573
2026-01-17,14.0,40.792857142857144,2.0,11.0,5,1,1,0,3,169,25.0,14.0,19.0,18.071428571428573
2026-01-18,6.0,31.575000000000003,0.0,6.0,6,1,1,0,3,170,14.0,13.0,19.0,18.0
2026-01-19,18.0,45.144444444444446,0.0,13.0,0,0,1,0,4,171,6.0,19.0,18.0,17.964285714285715
2026-01-20,23.0,39.021428571428565,2.0,19.0,1,0,1,0,4,172,18.0,19.0,17.857142857142858,17.964285714285715
2026-01-21,20.0,44.351851851851855,1.0,17.0,2,0,1,0,4,173,23.0,26.0,18.428571428571427,18.107142857142858
2026-01-22,19.0,34.69473684210526,0.0,16.0,3,0,1,0,4,174,20.0,17.0,17.571428571428573,18.0
2026-01-23,30.0,36.75892857142858,3.0,24.0,4,0,1,0,4,175,19.0,25.0,17.857142857142858,17.928571428571427
2026-01-24,6.0,42.70000000000001,2.0,4.0,5,1,1,0,4,176,30.0,14.0,18.571428571428573,18.285714285714285
2026-01-25,6.0,32.93333333333333,1.0,5.0,6,1,1,0,4,177,6.0,6.0,17.428571428571427,18.071428571428573
2026-01-26,29.0,30.40555555555556,3.0,23.0,0,0,1,0,5,178,6.0,18.0,17.428571428571427,17.857142857142858
2026-01-27,22.0,34.595238095238095,1.0,18.0,1,0,1,0,5,179,29.0,23.0,19.0,18.25
2026-01-28,26.0,46.29999999999999,3.0,21.0,2,0,1,0,5,180,22.0,20.0,18.857142857142858,18.107142857142858
2026-01-29,20.0,41.7,1.0,17.0,3,0,1,0,5,181,26.0,19.0,19.714285714285715,18.214285714285715
2026-01-30,18.0,44.48928571428571,1.0,14.0,4,0,1,0,5,182,20.0,30.0,19.857142857142858,18.285714285714285
2026-01-31,8.0,49.314285714285724,0.0,8.0,5,1,1,0,5,183,18.0,6.0,18.142857142857142,18.071428571428573
2026-02-01,9.0,41.05714285714286,0.0,8.0,6,1,2,0,5,184,8.0,6.0,18.428571428571427,18.035714285714285
2026-02-02,12.0,38.53333333333334,1.0,10.0,0,0,2,0,6,185,9.0,29.0,18.857142857142858,18.178571428571427
2026-02-03,29.0,35.260714285714286,2.0,26.0,1,0,2,0,6,186,12.0,22.0,16.428571428571427,17.75
2026-02-04,24.0,40.39999999999999,3.0,20.0,2,0,2,0,6,187,29.0,26.0,17.428571428571427,18.142857142857142
2026-02-05,23.0,36.33809523809524,2.0,18.0,3,0,2,0,6,188,24.0,20.0,17.142857142857142,18.321428571428573
2026-02-06,37.0,39.224999999999994,5.0,29.0,4,0,2,0,6,189,23.0,18.0,17.571428571428573,18.178571428571427
2026-02-07,7.0,36.800000000000004,2.0,5.0,5,1,2,0,6,190,37.0,8.0,20.285714285714285,19.0
2026-02-08,8.0,38.800000000000004,0.0,8.0,6,1,2,0,6,191,7.0,9.0,20.142857142857142,18.75
2026-02-09,22.0,45.1975,1.0,17.0,0,0,2,0,7,192,8.0,12.0,20.0,18.571428571428573
2026-02-10,32.0,37.181609195402295,1.0,26.0,1,0,2,0,7,193,22.0,29.0,21.428571428571427,18.678571428571427
2026-02-11,27.0,33.59629629629631,4.0,23.0,2,0,2,0,7,194,32.0,24.0,21.857142857142858,19.142857142857142
2026-02-12,32.0,41.566071428571426,3.0,27.0,3,0,2,0,7,195,27.0,23.0,22.285714285714285,19.178571428571427
2026-02-13,24.0,26.57857142857143,1.0,21.0,4,0,2,0,7,196,32.0,37.0,23.571428571428573,19.714285714285715
2026-02-14,8.0,38.237500000000004,2.0,6.0,5,1,2,0,7,197,24.0,7.0,21.714285714285715,19.678571428571427
2026-02-15,8.0,30.542857142857144,1.0,7.0,6,1,2,0,7,198,8.0,8.0,21.857142857142858,19.464285714285715
2026-02-16,19.0,37.88421052631579,2.0,17.0,0,0,2,0,8,199,8.0,22.0,21.857142857142858,19.535714285714285
2026-02-17,22.0,47.697500000000005,1.0,19.0,1,0,2,0,8,200,19.0,32.0,21.428571428571427,19.571428571428573
2026-02-18,18.0,37.64444444444444,0.0,16.0,2,0,2,0,8,201,22.0,27.0,20.0,19.535714285714285
2026-02-19,27.0,39.72307692307693,1.0,24.0,3,0,2,0,8,202,18.0,32.0,18.714285714285715,19.464285714285715
2026-02-20,19.0,55.00526315789473,0.0,16.0,4,0,2,0,8,203,27.0,24.0,18.0,19.75
2026-02-21,8.0,32.66250000000001,2.0,5.0,5,1,2,0,8,204,19.0,8.0,17.285714285714285,19.357142857142858
2026-02-22,9.0,29.5875,2.0,6.0,6,1,2,0,8,205,8.0,8.0,17.285714285714285,19.428571428571427
2026-02-23,16.0,43.192857142857136,0.0,14.0,0,0,2,0,9,206,9.0,19.0,17.428571428571427,19.535714285714285
2026-02-24,22.0,32.628571428571426,1.0,19.0,1,0,2,0,9,207,16.0,22.0,17.0,19.071428571428573
2026-02-25,17.0,40.56000000000001,1.0,14.0,2,0,2,0,9,208,22.0,18.0,17.0,19.071428571428573
2026-02-26,19.0,45.95882352941176,1.0,15.0,3,0,2,0,9,209,17.0,27.0,16.857142857142858,18.75
2026-02-27,16.0,38.36333333333334,2.0,14.0,4,0,2,0,9,210,19.0,19.0,15.714285714285714,18.714285714285715
2026-02-28,14.0,33.621428571428574,2.0,12.0,5,1,2,0,9,211,16.0,8.0,15.285714285714286,18.642857142857142
2026-03-01,12.0,44.975,0.0,12.0,6,1,3,0,9,212,14.0,9.0,16.142857142857142,18.857142857142858
2026-03-02,17.0,34.543749999999996,0.0,13.0,0,0,3,0,10,213,12.0,16.0,16.571428571428573,18.964285714285715
2026-03-03,23.0,50.213636363636354,1.0,21.0,1,0,3,0,10,214,17.0,22.0,16.714285714285715,19.142857142857142
2026-03-04,18.0,39.91470588235295,5.0,11.0,2,0,3,0,10,215,23.0,17.0,16.857142857142858,18.928571428571427
2026-03-05,26.0,49.16799999999999,3.0,21.0,3,0,3,0,10,216,18.0,19.0,17.0,18.714285714285715
2026-03-06,17.0,52.34705882352941,0.0,17.0,4,0,3,0,10,217,26.0,16.0,18.0,18.821428571428573
2026-03-07,18.0,30.488235294117644,1.0,17.0,5,1,3,0,10,218,17.0,14.0,18.142857142857142,18.107142857142858
2026-03-08,10.0,35.36,0.0,8.0,6,1,3,0,10,219,18.0,12.0,18.714285714285715,18.5
2026-03-09,20.0,39.344444444444456,0.0,20.0,0,0,3,0,11,220,10.0,17.0,18.428571428571427,18.571428571428573
2026-03-10,15.0,45.32000000000001,1.0,13.0,1,0,3,0,11,221,20.0,23.0,18.857142857142858,18.5
2026-03-11,21.0,38.08684210526315,1.0,17.0,2,0,3,0,11,222,15.0,18.0,17.714285714285715,17.892857142857142
2026-03-12,21.0,33.154999999999994,2.0,17.0,3,0,3,0,11,223,21.0,26.0,18.142857142857142,17.678571428571427
2026-03-13,24.0,39.53749999999999,2.0,18.0,4,0,3,0,11,224,21.0,17.0,17.428571428571427,17.285714285714285
2026-03-14,7.0,31.128571428571426,0.0,7.0,5,1,3,0,11,225,24.0,18.0,18.428571428571427,17.285714285714285
2026-03-15,10.0,40.269999999999996,0.0,10.0,6,1,3,0,11,226,7.0,10.0,16.857142857142858,17.25
2026-03-16,30.0,42.0551724137931,1.0,27.0,0,0,3,0,12,227,10.0,20.0,16.857142857142858,17.321428571428573
2026-03-17,31.0,45.707142857142856,1.0,23.0,1,0,3,0,12,228,30.0,15.0,18.285714285714285,17.714285714285715
2026-03-18,21.0,37.25500000000001,0.0,19.0,2,0,3,0,12,229,31.0,21.0,20.571428571428573,18.035714285714285
2026-03-19,22.0,39.3138888888889,2.0,17.0,3,0,3,0,12,230,21.0,21.0,20.571428571428573,18.142857142857142
2026-03-20,30.0,40.1462962962963,1.0,24.0,4,0,3,0,12,231,22.0,24.0,20.714285714285715,17.964285714285715
2026-03-21,12.0,49.01818181818181,0.0,9.0,5,1,3,0,12,232,30.0,7.0,21.571428571428573,18.357142857142858
2026-03-22,8.0,57.9125,0.0,4.0,6,1,3,0,12,233,12.0,10.0,22.285714285714285,18.5
2026-03-23,18.0,31.83823529411764,2.0,15.0,0,0,3,0,13,234,8.0,30.0,22.0,18.464285714285715
2026-03-24,22.0,36.528947368421065,5.0,15.0,1,0,3,0,13,235,18.0,31.0,20.285714285714285,18.535714285714285
2026-03-25,21.0,43.065000000000005,2.0,17.0,2,0,3,0,13,236,22.0,21.0,19.0,18.535714285714285
2026-03-26,23.0,50.28260869565217,4.0,17.0,3,0,3,0,13,237,21.0,22.0,19.0,18.678571428571427
2026-03-27,23.0,41.80434782608695,0.0,23.0,4,0,3,0,13,238,23.0,30.0,19.142857142857142,18.821428571428573
2026-03-28,13.0,36.88461538461539,0.0,11.0,5,1,3,0,13,239,23.0,12.0,18.142857142857142,19.071428571428573
2026-03-29,9.0,33.82222222222222,0.0,8.0,6,1,3,0,13,240,13.0,8.0,18.285714285714285,19.035714285714285
2026-03-30,30.0,43.06428571428571,3.0,22.0,0,0,3,0,14,241,9.0,18.0,18.428571428571427,18.928571428571427
2026-03-31,29.0,42.331034482758625,1.0,25.0,1,0,3,0,14,242,30.0,22.0,20.142857142857142,19.392857142857142
2026-04-01,32.0,39.7611111111111,2.0,25.0,2,0,4,0,14,243,29.0,21.0,21.142857142857142,19.607142857142858
2026-04-02,19.0,39.95,1.0,17.0,3,0,4,0,14,244,32.0,23.0,22.714285714285715,20.107142857142858
2026-04-03,22.0,36.00476190476191,0.0,22.0,4,0,4,0,14,245,19.0,23.0,22.142857142857142,19.857142857142858
2026-04-04,11.0,45.445454545454545,0.0,9.0,5,1,4,0,14,246,22.0,13.0,22.0,20.035714285714285
2026-04-05,7.0,46.42857142857143,1.0,5.0,6,1,4,0,14,247,11.0,9.0,21.714285714285715,19.785714285714285
2026-04-06,30.0,39.53600000000001,5.0,24.0,0,0,4,0,15,248,7.0,30.0,21.428571428571427,19.678571428571427
2026-04-07,20.0,41.83235294117647,0.0,18.0,1,0,4,0,15,249,30.0,29.0,21.428571428571427,20.035714285714285
2026-04-08,16.0,37.54374999999999,2.0,11.0,2,0,4,0,15,250,20.0,32.0,20.142857142857142,20.214285714285715
2026-04-09,17.0,33.884375,0.0,16.0,3,0,4,0,15,251,16.0,19.0,17.857142857142858,20.035714285714285
2026-04-10,21.0,43.449999999999996,2.0,16.0,4,0,4,0,15,252,17.0,22.0,17.571428571428573,19.892857142857142
2026-04-11,9.0,25.17777777777778,1.0,8.0,5,1,4,0,15,253,21.0,11.0,17.428571428571427,19.785714285714285
2026-04-12,18.0,35.390625,3.0,15.0,6,1,4,0,15,254,9.0,7.0,17.142857142857142,19.857142857142858
2026-04-13,29.0,33.459999999999994,1.0,26.0,0,0,4,0,16,255,18.0,30.0,18.714285714285715,20.142857142857142
2026-04-14,22.0,50.525,4.0,16.0,1,0,4,0,16,256,29.0,20.0,18.571428571428573,20.107142857142858
2026-04-15,26.0,31.76923076923077,1.0,24.0,2,0,4,0,16,257,22.0,16.0,18.857142857142858,19.785714285714285
2026-04-16,18.0,37.111111111111114,0.0,16.0,3,0,4,0,16,258,26.0,17.0,20.285714285714285,19.964285714285715
2026-04-17,20.0,30.19166666666667,1.0,18.0,4,0,4,0,16,259,18.0,21.0,20.428571428571427,19.821428571428573
2026-04-18,4.0,31.225,0.0,4.0,5,1,4,0,16,260,20.0,9.0,20.285714285714285,19.464285714285715
2026-04-19,6.0,26.73333333333333,0.0,5.0,6,1,4,0,16,261,4.0,18.0,19.571428571428573,19.178571428571427
2026-04-20,20.0,47.327777777777776,0.0,18.0,0,0,4,0,17,262,6.0,29.0,17.857142857142858,19.107142857142858
2026-04-21,15.0,34.26428571428571,0.0,15.0,1,0,4,0,17,263,20.0,22.0,16.571428571428573,19.178571428571427
2026-04-22,22.0,32.47380952380952,2.0,19.0,2,0,4,0,17,264,15.0,26.0,15.571428571428571,18.928571428571427
2026-04-23,19.0,41.23888888888888,0.0,18.0,3,0,4,0,17,265,22.0,18.0,15.0,18.964285714285715
2026-04-24,13.0,29.900000000000006,2.0,10.0,4,0,4,0,17,266,19.0,20.0,15.142857142857142,18.821428571428573
2026-04-25,13.0,30.11666666666667,1.0,11.0,5,1,4,0,17,267,13.0,4.0,14.142857142857142,18.464285714285715
2026-04-26,14.0,34.93571428571429,3.0,10.0,6,1,4,0,17,268,13.0,6.0,15.428571428571429,18.464285714285715
2026-04-27,22.0,36.769047619047626,1.0,20.0,0,0,4,0,18,269,14.0,20.0,16.571428571428573,18.642857142857142
2026-04-28,20.0,44.652631578947364,2.0,16.0,1,0,4,0,18,270,22.0,15.0,16.857142857142858,18.357142857142858
2026-04-29,28.0,37.22884615384615,2.0,23.0,2,0,4,0,18,271,20.0,22.0,17.571428571428573,18.035714285714285
2026-04-30,30.0,35.75384615384615,2.0,27.0,3,0,4,0,18,272,28.0,19.0,18.428571428571427,17.892857142857142
2026-05-01,27.0,34.06153846153846,1.0,24.0,4,0,5,0,18,273,30.0,13.0,20.0,18.285714285714285
2026-05-02,9.0,46.31111111111111,0.0,7.0,5,1,5,0,18,274,27.0,13.0,22.0,18.464285714285715
2026-05-03,15.0,36.01538461538461,0.0,15.0,6,1,5,0,18,275,9.0,14.0,21.428571428571427,18.392857142857142
2026-05-04,24.0,38.300000000000004,1.0,20.0,0,0,5,0,19,276,15.0,22.0,21.571428571428573,18.678571428571427
2026-05-05,20.0,42.915624999999984,1.0,17.0,1,0,5,0,19,277,24.0,20.0,21.857142857142858,18.464285714285715
2026-05-06,28.0,36.469230769230755,1.0,27.0,2,0,5,0,19,278,20.0,28.0,21.857142857142858,18.464285714285715
2026-05-07,27.0,38.848076923076924,1.0,24.0,3,0,5,0,19,279,28.0,30.0,21.857142857142858,18.892857142857142
2026-05-08,25.0,43.73478260869565,1.0,23.0,4,0,5,0,19,280,27.0,27.0,21.428571428571427,19.25
2026-05-09,9.0,39.900000000000006,0.0,9.0,5,1,5,0,19,281,25.0,9.0,21.142857142857142,19.392857142857142
2026-05-10,13.0,38.583333333333336,0.0,12.0,6,1,5,0,19,282,9.0,15.0,21.142857142857142,19.392857142857142
2026-05-11,22.0,32.60526315789473,0.0,20.0,0,0,5,0,20,283,13.0,24.0,20.857142857142858,19.214285714285715
2026-05-12,18.0,41.12916666666667,1.0,17.0,1,0,5,0,20,284,22.0,20.0,20.571428571428573,18.964285714285715
2026-05-13,27.0,39.35,2.0,22.0,2,0,5,0,20,285,18.0,28.0,20.285714285714285,18.821428571428573
2026-05-14,21.0,36.91842105263157,2.0,18.0,3,0,5,0,20,286,27.0,27.0,20.142857142857142,18.857142857142858
2026-05-15,30.0,41.26428571428572,1.0,22.0,4,0,5,0,20,287,21.0,25.0,19.285714285714285,18.964285714285715
2026-05-16,15.0,36.120000000000005,0.0,14.0,5,1,5,0,20,288,30.0,9.0,20.0,19.321428571428573
2026-05-17,13.0,34.723076923076924,1.0,11.0,6,1,5,0,20,289,15.0,13.0,20.857142857142858,19.714285714285715
2026-05-18,20.0,38.18055555555555,3.0,15.0,0,0,5,0,21,290,13.0,22.0,20.857142857142858,19.964285714285715
2026-05-19,26.0,31.172000000000004,3.0,22.0,1,0,5,0,21,291,20.0,18.0,20.571428571428573,19.964285714285715
2026-05-20,21.0,39.665000000000006,1.0,17.0,2,0,5,0,21,292,26.0,27.0,21.714285714285715,20.357142857142858
2026-05-21,37.0,43.38382352941177,1.0,32.0,3,0,5,0,21,293,21.0,21.0,20.857142857142858,20.321428571428573
2026-05-22,27.0,40.53636363636363,1.0,22.0,4,0,5,0,21,294,37.0,30.0,23.142857142857142,20.964285714285715
2026-05-23,8.0,40.08571428571428,0.0,7.0,5,1,5,0,21,295,27.0,15.0,22.714285714285715,21.464285714285715
2026-05-24,10.0,39.03999999999999,2.0,8.0,6,1,5,0,21,296,8.0,13.0,21.714285714285715,21.285714285714285
2026-05-25,24.0,42.84523809523809,0.0,22.0,0,0,5,0,22,297,10.0,20.0,21.285714285714285,21.142857142857142
2026-05-26,32.0,39.348809523809514,0.0,30.0,1,0,5,0,22,298,24.0,26.0,21.857142857142858,21.214285714285715
2026-05-27,24.0,39.58333333333333,0.0,21.0,2,0,5,0,22,299,32.0,21.0,22.714285714285715,21.642857142857142
2026-05-28,26.0,38.63333333333335,0.0,23.0,3,0,5,0,22,300,24.0,37.0,23.142857142857142,21.5
2026-05-29,22.0,33.38809523809523,0.0,20.0,4,0,5,0,22,301,26.0,27.0,21.571428571428573,21.357142857142858
2026-05-30,13.0,46.958333333333336,1.0,11.0,5,1,5,0,22,302,22.0,8.0,20.857142857142858,21.178571428571427
2026-05-31,8.0,39.162499999999994,1.0,7.0,6,1,5,0,22,303,13.0,10.0,21.571428571428573,21.321428571428573
2026-06-01,25.0,32.245652173913044,4.0,20.0,0,0,6,1,23,304,8.0,24.0,21.285714285714285,21.071428571428573
2026-06-02,31.0,45.544642857142854,0.0,29.0,1,0,6,1,23,305,25.0,32.0,21.428571428571427,21.107142857142858
2026-06-03,29.0,40.725,3.0,23.0,2,0,6,1,23,306,31.0,24.0,21.285714285714285,21.5
2026-06-04,29.0,37.864814814814814,1.0,25.0,3,0,6,1,23,307,29.0,26.0,22.0,21.535714285714285
2026-06-05,18.0,34.20294117647059,0.0,16.0,4,0,6,1,23,308,29.0,22.0,22.428571428571427,21.607142857142858
2026-06-06,15.0,36.55333333333333,2.0,13.0,5,1,6,1,23,309,18.0,13.0,21.857142857142858,21.357142857142858
2026-06-07,10.0,39.55,0.0,9.0,6,1,6,1,23,310,15.0,8.0,22.142857142857142,21.571428571428573
2026-06-08,21.0,52.544999999999995,1.0,16.0,0,0,6,1,24,311,10.0,25.0,22.428571428571427,21.464285714285715
2026-06-09,24.0,33.135,2.0,22.0,1,0,6,1,24,312,21.0,31.0,21.857142857142858,21.428571428571427
2026-06-10,20.0,39.34444444444444,2.0,17.0,2,0,6,1,24,313,24.0,29.0,20.857142857142858,21.642857142857142
2026-06-11,34.0,37.36060606060607,2.0,30.0,3,0,6,1,24,314,20.0,29.0,19.571428571428573,21.392857142857142
2026-06-12,29.0,39.83214285714285,3.0,23.0,4,0,6,1,24,315,34.0,18.0,20.285714285714285,21.857142857142858
2026-06-13,12.0,37.38333333333333,0.0,12.0,5,1,6,1,24,316,29.0,15.0,21.857142857142858,21.821428571428573
2026-06-14,11.0,42.127272727272725,0.0,10.0,6,1,6,1,24,317,12.0,10.0,21.428571428571427,21.714285714285715
2026-06-15,21.0,35.425,1.0,19.0,0,0,6,1,25,318,11.0,21.0,21.571428571428573,21.642857142857142
2026-06-16,39.0,39.55270270270271,3.0,32.0,1,0,6,1,25,319,21.0,24.0,21.571428571428573,21.678571428571427
2026-06-17,35.0,37.49687500000001,3.0,29.0,2,0,6,1,25,320,39.0,20.0,23.714285714285715,22.142857142857142
2026-06-18,28.0,34.77307692307692,1.0,27.0,3,0,6,1,25,321,35.0,34.0,25.857142857142858,22.642857142857142
2026-06-19,31.0,43.95517241379311,1.0,29.0,4,0,6,1,25,322,28.0,29.0,25.0,22.321428571428573
2026-06-20,9.0,42.099999999999994,1.0,7.0,5,1,6,1,25,323,31.0,12.0,25.285714285714285,22.464285714285715
2026-06-21,11.0,41.67,2.0,7.0,6,1,6,1,25,324,9.0,11.0,24.857142857142858,22.5
2026-06-22,20.0,40.400000000000006,3.0,16.0,0,0,6,1,26,325,11.0,21.0,24.857142857142858,22.535714285714285
2026-06-23,26.0,39.61041666666667,1.0,25.0,1,0,6,1,26,326,20.0,39.0,24.714285714285715,22.392857142857142
2026-06-24,27.0,32.77499999999999,2.0,22.0,2,0,6,1,26,327,26.0,35.0,22.857142857142858,22.178571428571427
2026-06-25,34.0,45.568181818181806,4.0,27.0,3,0,6,1,26,328,27.0,28.0,21.714285714285715,22.285714285714285
2026-06-26,23.0,39.8275,3.0,19.0,4,0,6,1,26,329,34.0,31.0,22.571428571428573,22.571428571428573
2026-06-27,14.0,52.573076923076925,2.0,11.0,5,1,6,1,26,330,23.0,9.0,21.428571428571427,22.607142857142858
2026-06-28,14.0,38.83571428571428,0.0,12.0,6,1,6,1,26,331,14.0,11.0,22.142857142857142,22.642857142857142
2026-06-29,27.0,46.62916666666667,0.0,25.0,0,0,6,1,27,332,14.0,20.0,22.571428571428573,22.857142857142858
2026-06-30,32.0,41.24222222222223,3.0,26.0,1,0,6,1,27,333,27.0,26.0,23.571428571428573,22.928571428571427
2026-07-01,24.0,33.541666666666664,3.0,17.0,2,0,7,1,27,334,32.0,27.0,24.428571428571427,22.964285714285715
2026-07-02,29.0,38.284615384615385,1.0,25.0,3,0,7,1,27,335,24.0,34.0,24.0,22.785714285714285
2026-07-03,34.0,36.7625,2.0,28.0,4,0,7,1,27,336,29.0,23.0,23.285714285714285,22.785714285714285
2026-07-04,11.0,44.472727272727276,2.0,9.0,5,1,7,1,27,337,34.0,14.0,24.857142857142858,23.357142857142858
2026-07-05,16.0,43.435714285714276,1.0,14.0,6,1,7,1,27,338,11.0,14.0,24.428571428571427,23.214285714285715
2026-07-06,28.0,45.789285714285704,2.0,22.0,0,0,7,1,28,339,16.0,27.0,24.714285714285715,23.428571428571427
2026-07-07,28.0,28.179166666666664,1.0,26.0,1,0,7,1,28,340,28.0,32.0,24.857142857142858,23.678571428571427
2026-07-08,25.0,39.78260869565217,0.0,24.0,2,0,7,1,28,341,28.0,24.0,24.285714285714285,23.821428571428573
2026-07-09,29.0,39.80434782608695,1.0,25.0,3,0,7,1,28,342,25.0,29.0,24.428571428571427,24.0
2026-07-10,29.0,42.96481481481482,1.0,25.0,4,0,7,1,28,343,29.0,34.0,24.428571428571427,23.821428571428573
2026-07-11,17.0,38.688235294117646,0.0,14.0,5,1,7,1,28,344,29.0,11.0,23.714285714285715,23.821428571428573
2026-07-12,15.0,33.72857142857142,1.0,13.0,6,1,7,1,28,345,17.0,16.0,24.571428571428573,24.0
2026-07-13,27.0,33.047999999999995,1.0,26.0,0,0,7,1,29,346,15.0,28.0,24.428571428571427,24.142857142857142
2026-07-14,34.0,38.746874999999996,3.0,26.0,1,0,7,1,29,347,27.0,28.0,24.285714285714285,24.357142857142858
2026-07-15,32.0,39.855555555555554,2.0,24.0,2,0,7,1,29,348,34.0,25.0,25.142857142857142,24.178571428571427
2026-07-16,17.0,36.42941176470588,2.0,15.0,3,0,7,1,29,349,32.0,29.0,26.142857142857142,24.071428571428573
2026-07-17,16.0,43.518750000000004,3.0,11.0,4,0,7,1,29,350,17.0,29.0,24.428571428571427,23.678571428571427
2026-07-18,16.0,39.57666666666667,1.0,11.0,5,1,7,1,29,351,16.0,17.0,22.571428571428573,23.142857142857142
2026-07-19,8.0,37.8875,0.0,7.0,6,1,7,1,29,352,16.0,15.0,22.428571428571427,23.392857142857142
2026-07-20,27.0,38.152,1.0,24.0,0,0,7,1,30,353,8.0,27.0,21.428571428571427,23.285714285714285
2026-07-21,21.0,32.99249999999999,2.0,17.0,1,0,7,1,30,354,27.0,34.0,21.428571428571427,23.535714285714285
2026-07-22,23.0,35.998333333333335,2.0,20.0,2,0,7,1,30,355,21.0,32.0,19.571428571428573,23.357142857142858
2026-07-23,27.0,40.32291666666666,2.0,23.0,3,0,7,1,30,356,23.0,17.0,18.285714285714285,23.214285714285715
2026-07-24,26.0,37.816666666666656,0.0,25.0,4,0,7,1,30,357,27.0,16.0,19.714285714285715,22.964285714285715
2026-07-25,17.0,38.23666666666667,0.0,13.0,5,1,7,1,30,358,26.0,16.0,21.142857142857142,23.071428571428573
2026-07-26,11.0,27.090000000000003,0.0,11.0,6,1,7,1,30,359,17.0,8.0,21.285714285714285,23.178571428571427
2026-07-27,27.0,38.20625,5.0,20.0,0,0,7,1,31,360,11.0,27.0,21.714285714285715,23.071428571428573
2026-07-28,25.0,49.37916666666667,3.0,21.0,1,0,7,1,31,361,27.0,21.0,21.714285714285715,23.071428571428573
2026-07-29,21.0,34.004999999999995,0.0,20.0,2,0,7,1,31,362,25.0,23.0,22.285714285714285,22.821428571428573
2026-07-30,27.0,35.31153846153847,1.0,23.0,3,0,7,1,31,363,21.0,27.0,22.0,22.714285714285715
2026-07-31,25.0,45.22083333333333,0.0,20.0,4,0,7,1,31,364,27.0,26.0,22.0,22.642857142857142
