week_start_date,location_id,requests,avg_complexity_score,total_hours_worked,total_contracted_hours,total_overtime_hours,required_hours_estimate,capacity_gap_hours,capacity_gap_fte,week_index,month
2025-07-28,LOC-01,7.0,57.06666666666666,42.379999999999995,70.0,0.01,14.647111111111112,-55.352888888888884,-1.4566549707602339,0,7
2025-07-28,LOC-02,3.0,50.666666666666664,141.10999999999999,236.0,0.01,5.573333333333333,-230.42666666666668,-6.063859649122807,0,7
2025-07-28,LOC-03,4.0,25.45,134.24,286.0,0.0,3.732666666666667,-282.26733333333334,-7.4280877192982455,0,7
2025-07-28,LOC-04,2.0,50.55,47.99,138.0,0.1,3.707,-134.293,-3.534026315789474,0,7
2025-07-28,LOC-05,5.0,34.4625,157.11,362.0,0.0,6.318125000000001,-355.681875,-9.360049342105263,0,7
2025-07-28,LOC-06,6.0,44.166666666666664,106.28999999999999,180.0,0.0,9.716666666666669,-170.28333333333333,-4.481140350877193,0,7
2025-07-28,LOC-07,4.0,43.975,93.58,212.0,0.16,6.449666666666667,-205.55033333333333,-5.409219298245614,0,7
2025-07-28,LOC-08,2.0,20.4,126.65000000000002,306.0,0.0,1.496,-304.504,-8.013263157894738,0,7
2025-07-28,LOC-09,3.0,26.533333333333335,165.93,314.0,8.14,2.918666666666667,-311.0813333333333,-8.186350877192982,0,7
2025-07-28,LOC-10,4.0,47.225,130.79999999999998,234.0,2.27,6.926333333333334,-227.07366666666667,-5.975622807017544,0,7
2025-08-04,LOC-01,18.0,46.51111111111112,92.16,82.0,20.200000000000003,30.697333333333344,-51.30266666666665,-1.3500701754385962,1,8
2025-08-04,LOC-02,13.0,47.57692307692308,280.57,256.0,32.660000000000004,22.678333333333335,-233.32166666666666,-6.140043859649123,1,8
2025-08-04,LOC-03,13.0,39.876923076923084,318.66,350.0,16.42,19.008000000000006,-330.992,-8.710315789473684,1,8
2025-08-04,LOC-04,13.0,31.577272727272724,176.32,198.0,13.92,15.051833333333333,-182.94816666666668,-4.8144254385964915,1,8
2025-08-04,LOC-05,13.0,52.43846153846153,406.27,426.0,24.599999999999998,24.99566666666667,-401.0043333333333,-10.552745614035087,1,8
2025-08-04,LOC-06,16.0,43.756249999999994,232.44000000000003,218.0,26.360000000000003,25.670333333333332,-192.32966666666667,-5.06130701754386,1,8
2025-08-04,LOC-07,12.0,45.590909090909086,248.54,254.0,22.549999999999997,20.06,-233.94,-6.156315789473684,1,8
2025-08-04,LOC-08,17.0,43.02941176470588,393.9,382.0,33.32000000000001,26.821666666666665,-355.17833333333334,-9.346798245614035,1,8
2025-08-04,LOC-09,11.0,34.37,363.11999999999995,334.0,43.39,13.862566666666666,-320.1374333333333,-8.424669298245613,1,8
2025-08-04,LOC-10,22.0,40.09000000000001,273.84000000000003,258.0,38.63,32.33926666666668,-225.66073333333333,-5.938440350877193,1,8
2025-08-11,LOC-01,18.0,44.6625,89.86,82.0,11.91,29.477250000000005,-52.522749999999995,-1.3821776315789471,2,8
2025-08-11,LOC-02,16.0,47.653571428571425,307.13,256.0,55.32,27.956761904761905,-228.0432380952381,-6.001137844611529,2,8
2025-08-11,LOC-03,15.0,42.38571428571428,321.84000000000003,350.0,12.459999999999999,23.312142857142856,-326.6878571428571,-8.597048872180451,2,8
2025-08-11,LOC-04,15.0,35.642857142857146,150.40999999999997,190.0,2.96,19.60357142857143,-170.39642857142857,-4.484116541353384,2,8
2025-08-11,LOC-05,10.0,45.7,359.3,434.0,21.099999999999998,16.756666666666668,-417.24333333333334,-10.980087719298245,2,8
2025-08-11,LOC-06,11.0,49.14,246.68,218.0,34.39,19.819799999999997,-198.1802,-5.215268421052632,2,8
2025-08-11,LOC-07,11.0,44.30909090909091,226.02999999999997,254.0,20.65,17.871333333333336,-236.12866666666667,-6.213912280701755,2,8
2025-08-11,LOC-08,15.0,20.421428571428574,411.57,382.0,51.95,11.231785714285717,-370.7682142857143,-9.757058270676692,2,8
2025-08-11,LOC-09,10.0,53.16250000000001,351.16999999999996,346.0,27.39,19.492916666666673,-326.5070833333333,-8.592291666666666,2,8
2025-08-11,LOC-10,16.0,36.778571428571425,284.03,258.0,40.39,21.576761904761906,-236.4232380952381,-6.221664160401002,2,8
2025-08-18,LOC-01,11.0,41.333333333333336,98.57000000000001,82.0,22.32,16.671111111111113,-65.32888888888888,-1.7191812865497074,3,8
2025-08-18,LOC-02,16.0,43.12499999999999,277.79,256.0,41.91,25.299999999999997,-230.7,-6.071052631578947,3,8
2025-08-18,LOC-03,19.0,35.025000000000006,335.05999999999995,350.0,23.25,24.400750000000006,-325.59925,-8.568401315789473,3,8
2025-08-18,LOC-04,16.0,30.01875,144.7,160.0,13.01,17.611000000000004,-142.389,-3.747078947368421,3,8
2025-08-18,LOC-05,10.0,46.54444444444445,382.79999999999995,402.0,22.810000000000002,17.0662962962963,-384.9337037037037,-10.129834307992203,3,8
2025-08-18,LOC-06,14.0,36.615384615384606,240.88,218.0,34.84,18.795897435897434,-199.20410256410256,-5.24221322537112,3,8
2025-08-18,LOC-07,17.0,46.61538461538461,246.73000000000002,254.0,26.990000000000002,29.056923076923077,-224.94307692307692,-5.919554655870445,3,8
2025-08-18,LOC-08,13.0,24.46,406.97,382.0,44.09,11.659266666666669,-370.34073333333333,-9.745808771929825,3,8
2025-08-18,LOC-09,14.0,40.43333333333334,369.34,346.0,38.93,20.75577777777778,-325.2442222222222,-8.559058479532164,3,8
2025-08-18,LOC-10,17.0,31.693749999999998,285.6,258.0,48.46,19.755770833333333,-238.24422916666666,-6.269584978070175,3,8
2025-08-25,LOC-01,14.0,47.42500000000001,88.4,82.0,16.29,24.34483333333334,-57.65516666666666,-1.5172412280701753,4,8
2025-08-25,LOC-02,14.0,40.0,281.1,256.0,35.199999999999996,20.533333333333335,-235.46666666666667,-6.196491228070175,4,8
2025-08-25,LOC-03,13.0,19.486363636363638,347.65,350.0,28.36,9.288500000000003,-340.7115,-8.966092105263158,4,8
2025-08-25,LOC-04,8.0,47.05,129.98,160.0,6.71,13.801333333333332,-146.19866666666667,-3.8473333333333333,4,8
2025-08-25,LOC-05,12.0,39.440740740740736,395.75,434.0,20.98,17.353925925925925,-416.6460740740741,-10.96437037037037,4,8
2025-08-25,LOC-06,19.0,32.57222222222222,229.58999999999997,218.0,23.75,22.691981481481484,-195.3080185185185,-5.13968469785575,4,8
2025-08-25,LOC-07,17.0,52.203125,190.62000000000003,216.0,16.279999999999998,32.53994791666667,-183.46005208333332,-4.82789610745614,4,8
2025-08-25,LOC-08,14.0,28.13333333333333,425.61,382.0,56.010000000000005,14.441777777777778,-367.55822222222224,-9.672584795321638,4,8
2025-08-25,LOC-09,16.0,46.09333333333334,365.02,346.0,34.75,27.04142222222223,-318.95857777777775,-8.39364678362573,4,8
2025-08-25,LOC-10,16.0,28.166666666666668,270.02,258.0,35.77000000000001,16.524444444444445,-241.47555555555556,-6.354619883040936,4,8
2025-09-01,LOC-01,13.0,25.291666666666668,74.28,66.0,16.5,12.055694444444445,-53.94430555555556,-1.4195869883040937,5,9
2025-09-01,LOC-02,8.0,50.362500000000004,261.69000000000005,256.0,25.96,14.773000000000003,-241.227,-6.348078947368421,5,9
2025-09-01,LOC-03,14.0,41.66923076923077,331.31999999999994,350.0,18.91,21.39020512820513,-328.60979487179486,-8.647626180836706,5,9
2025-09-01,LOC-04,12.0,39.918181818181814,153.93,182.0,9.989999999999998,17.564,-164.436,-4.327263157894737,5,9
2025-09-01,LOC-05,11.0,48.769999999999996,365.81,386.0,22.1,19.670566666666666,-366.3294333333333,-9.640248245614035,5,9
2025-09-01,LOC-06,17.0,42.29333333333334,250.4,218.0,39.29,26.362844444444445,-191.63715555555555,-5.043083040935673,5,9
2025-09-01,LOC-07,19.0,40.30444444444444,198.55,254.0,19.39,28.078762962962962,-225.92123703703703,-5.945295711500974,5,9
2025-09-01,LOC-08,8.0,37.9375,428.41,382.0,55.42999999999999,11.128333333333336,-370.87166666666667,-9.759780701754385,5,9
2025-09-01,LOC-09,10.0,41.18,314.18,346.0,18.54,15.099333333333334,-330.90066666666667,-8.707912280701754,5,9
2025-09-01,LOC-10,9.0,36.39285714285715,248.52999999999997,238.0,26.240000000000002,12.009642857142861,-225.99035714285714,-5.947114661654135,5,9
2025-09-08,LOC-01,7.0,31.141666666666662,100.75000000000001,82.0,22.8,7.993027777777777,-74.00697222222222,-1.9475519005847952,6,9
2025-09-08,LOC-02,12.0,55.445454545454545,278.88,256.0,36.699999999999996,24.396000000000004,-231.60399999999998,-6.094842105263157,6,9
2025-09-08,LOC-03,20.0,30.095555555555556,326.76,350.0,16.7,22.07007407407408,-327.92992592592594,-8.629734892787525,6,9
2025-09-08,LOC-04,13.0,46.175000000000004,143.37,166.0,18.4,22.010083333333338,-143.98991666666666,-3.7892083333333333,6,9
2025-09-08,LOC-05,13.0,37.223076923076924,401.23,434.0,22.9,17.743000000000006,-416.257,-10.954131578947369,6,9
2025-09-08,LOC-06,14.0,35.964285714285715,250.90999999999997,218.0,38.650000000000006,18.46166666666667,-199.53833333333333,-5.251008771929825,6,9
2025-09-08,LOC-07,13.0,37.975,222.10999999999996,254.0,15.98,18.10141666666667,-235.89858333333333,-6.207857456140351,6,9
2025-09-08,LOC-08,15.0,31.829166666666666,408.95,382.0,42.64,17.50604166666667,-364.49395833333335,-9.591946271929825,6,9
2025-09-08,LOC-09,13.0,48.354545454545466,298.74,322.0,14.090000000000002,23.049000000000007,-298.951,-7.867131578947369,6,9
2025-09-08,LOC-10,13.0,40.02916666666667,272.53,258.0,41.28,19.080569444444446,-238.91943055555555,-6.2873534356725145,6,9
2025-09-15,LOC-01,10.0,45.98888888888889,99.34,82.0,21.709999999999997,16.862592592592595,-65.13740740740741,-1.7141423001949319,7,9
2025-09-15,LOC-02,17.0,55.2875,278.5,256.0,45.239999999999995,34.462541666666674,-221.53745833333332,-5.829933114035088,7,9
2025-09-15,LOC-03,10.0,40.2125,346.28999999999996,350.0,24.72,14.744583333333335,-335.2554166666667,-8.822510964912281,7,9
2025-09-15,LOC-04,5.0,43.99999999999999,176.77,182.0,20.22,8.066666666666666,-173.93333333333334,-4.577192982456141,7,9
2025-09-15,LOC-05,10.0,35.1625,364.38000000000005,434.0,10.02,12.892916666666668,-421.1070833333333,-11.081765350877193,7,9
2025-09-15,LOC-06,11.0,42.08,248.63999999999996,218.0,30.64,16.97226666666667,-201.02773333333334,-5.29020350877193,7,9
2025-09-15,LOC-07,12.0,37.925000000000004,225.23,254.0,12.32,16.687,-237.313,-6.2450789473684205,7,9
2025-09-15,LOC-08,18.0,22.700000000000003,397.0,382.0,44.21,14.982000000000003,-367.018,-9.65836842105263,7,9
2025-09-15,LOC-09,11.0,38.584999999999994,332.4,346.0,26.49,15.562616666666665,-330.43738333333334,-8.695720614035087,7,9
2025-09-15,LOC-10,13.0,38.65384615384616,287.13,258.0,46.96000000000001,18.425000000000004,-239.575,-6.304605263157894,7,9
2025-09-22,LOC-01,18.0,31.068749999999998,97.1,82.0,18.78,20.505375,-61.494625,-1.6182796052631578,8,9
2025-09-22,LOC-02,12.0,54.68181818181818,272.25,256.0,32.690000000000005,24.06,-231.94,-6.103684210526316,8,9
2025-09-22,LOC-03,6.0,35.18333333333333,300.67999999999995,334.0,18.77,7.740333333333332,-326.25966666666665,-8.585780701754386,8,9
2025-09-22,LOC-04,8.0,57.73571428571428,190.99,198.0,19.32,16.935809523809525,-181.06419047619048,-4.764847117794486,8,9
2025-09-22,LOC-05,7.0,45.550000000000004,375.52,434.0,12.9,11.691166666666668,-422.3088333333333,-11.113390350877193,8,9
2025-09-22,LOC-06,11.0,37.855000000000004,245.88,218.0,31.689999999999998,15.268183333333335,-202.73181666666667,-5.335047807017544,8,9
2025-09-22,LOC-07,17.0,38.474999999999994,230.20000000000002,254.0,12.34,23.98275,-230.01725,-6.0530855263157894,8,9
2025-09-22,LOC-08,11.0,34.57272727272727,391.64,382.0,38.37,13.944333333333333,-368.05566666666664,-9.68567543859649,8,9
2025-09-22,LOC-09,10.0,52.285714285714285,320.9,322.0,28.65,19.171428571428574,-302.8285714285714,-7.969172932330827,8,9
2025-09-22,LOC-10,10.0,53.29999999999999,285.16999999999996,258.0,42.97,19.54333333333333,-238.45666666666668,-6.2751754385964915,8,9
2025-09-29,LOC-01,4.0,40.525,96.33,82.0,18.53,5.943666666666667,-76.05633333333333,-2.0014824561403506,9,9
2025-09-29,LOC-02,13.0,46.599999999999994,284.03000000000003,244.0,46.06,22.212666666666667,-221.78733333333332,-5.836508771929824,9,9
2025-09-29,LOC-03,12.0,23.766666666666666,330.64,326.0,23.27,10.457333333333333,-315.54266666666666,-8.303754385964913,9,9
2025-09-29,LOC-04,14.0,29.333333333333332,175.68,198.0,16.37,15.057777777777778,-182.94222222222223,-4.814269005847954,9,9
2025-09-29,LOC-05,9.0,41.15555555555555,425.97999999999996,434.0,27.77,13.581333333333333,-420.4186666666667,-11.063649122807018,9,9
2025-09-29,LOC-06,17.0,36.15625,233.94,218.0,20.22,22.537395833333335,-195.46260416666667,-5.14375274122807,9,9
2025-09-29,LOC-07,6.0,29.3,252.06,254.0,28.96,6.446000000000001,-247.554,-6.514578947368421,9,9
2025-09-29,LOC-08,12.0,33.075,407.37,382.0,35.37,14.553,-367.447,-9.669657894736842,9,9
2025-09-29,LOC-09,12.0,43.54545454545455,299.39000000000004,288.0,29.78,19.16,-268.84,-7.0747368421052625,9,9
2025-09-29,LOC-10,8.0,33.550000000000004,269.27000000000004,258.0,29.01,9.841333333333335,-248.15866666666668,-6.530491228070176,9,9
2025-10-06,LOC-01,14.0,53.14999999999999,71.6,82.0,16.06,27.283666666666665,-54.71633333333334,-1.4399035087719299,10,10
2025-10-06,LOC-02,11.0,54.35,278.44,256.0,34.8,21.921166666666668,-234.07883333333334,-6.159969298245614,10,10
2025-10-06,LOC-03,14.0,33.09615384615385,313.24,350.0,13.450000000000001,16.98935897435898,-333.010641025641,-8.763437921727395,10,10
2025-10-06,LOC-04,5.0,45.9,196.63,198.0,24.130000000000003,8.415000000000001,-189.585,-4.989078947368421,10,10
2025-10-06,LOC-05,9.0,34.75714285714286,408.44,434.0,28.509999999999998,11.469857142857144,-422.53014285714283,-11.119214285714285,10,10
2025-10-06,LOC-06,14.0,42.34285714285714,250.66000000000003,218.0,32.66,21.736,-196.264,-5.164842105263158,10,10
2025-10-06,LOC-07,11.0,34.959999999999994,237.57,254.0,19.39,14.100533333333333,-239.89946666666665,-6.313143859649123,10,10
2025-10-06,LOC-08,19.0,37.65263157894737,379.4,382.0,41.209999999999994,26.23133333333334,-355.76866666666666,-9.362333333333334,10,10
2025-10-06,LOC-09,13.0,40.80833333333333,289.5,346.0,28.02,19.451972222222224,-326.54802777777775,-8.593369152046783,10,10
2025-10-06,LOC-10,14.0,30.684615384615388,231.57999999999998,234.0,30.26,15.751435897435899,-218.2485641025641,-5.74338326585695,10,10
2025-10-13,LOC-01,14.0,43.72222222222222,98.74000000000001,82.0,20.95,22.444074074074074,-59.555925925925926,-1.5672612085769981,11,10
2025-10-13,LOC-02,18.0,40.476470588235294,263.02,256.0,32.019999999999996,26.7144705882353,-229.28552941176468,-6.0338297213622285,11,10
2025-10-13,LOC-03,16.0,31.013333333333335,346.4,350.0,22.14,18.19448888888889,-331.8055111111111,-8.731723976608187,11,10
2025-10-13,LOC-04,5.0,34.36,176.06,198.0,13.68,6.299333333333335,-191.70066666666668,-5.044754385964913,11,10
2025-10-13,LOC-05,12.0,51.791666666666664,386.91999999999996,434.0,15.64,22.788333333333334,-411.21166666666664,-10.821359649122806,11,10
2025-10-13,LOC-06,7.0,48.92857142857143,230.48000000000002,218.0,26.720000000000002,12.558333333333334,-205.44166666666666,-5.406359649122807,11,10
2025-10-13,LOC-07,11.0,41.13333333333334,242.30999999999997,254.0,21.0,16.590444444444447,-237.40955555555556,-6.247619883040936,11,10
2025-10-13,LOC-08,17.0,41.296428571428564,404.09,382.0,43.519999999999996,25.741440476190473,-356.25855952380954,-9.375225250626567,11,10
2025-10-13,LOC-09,11.0,44.03333333333333,300.31,308.0,28.65,17.760111111111115,-290.2398888888889,-7.637891812865497,11,10
2025-10-13,LOC-10,9.0,32.833333333333336,231.07000000000002,242.0,41.18,10.835,-231.165,-6.083289473684211,11,10
2025-10-20,LOC-01,12.0,41.32272727272728,100.44,82.0,22.41,18.182000000000002,-63.818,-1.679421052631579,12,10
2025-10-20,LOC-02,9.0,36.3375,256.39,248.0,29.560000000000002,11.991375,-236.008625,-6.210753289473684,12,10
2025-10-20,LOC-03,13.0,28.08181818181818,302.1,350.0,12.09,13.385666666666665,-336.6143333333333,-8.85827192982456,12,10
2025-10-20,LOC-04,6.0,49.43333333333333,160.8,182.0,14.379999999999999,10.875333333333332,-171.12466666666666,-4.503280701754385,12,10
2025-10-20,LOC-05,10.0,50.120000000000005,390.32,434.0,24.909999999999997,18.377333333333336,-415.62266666666665,-10.937438596491228,12,10
2025-10-20,LOC-06,20.0,35.891666666666666,233.52999999999997,218.0,21.560000000000002,26.320555555555554,-191.67944444444444,-5.044195906432749,12,10
2025-10-20,LOC-07,14.0,33.161538461538456,232.01,254.0,20.32,17.022923076923078,-236.97707692307694,-6.236238866396762,12,10
2025-10-20,LOC-08,11.0,35.56363636363636,410.0,382.0,50.71,14.344,-367.656,-9.675157894736842,12,10
2025-10-20,LOC-09,12.0,44.68181818181819,325.4,346.0,27.79,19.660000000000004,-326.34,-8.587894736842104,12,10
2025-10-20,LOC-10,14.0,34.013636363636365,282.23,258.0,38.760000000000005,17.460333333333338,-240.53966666666668,-6.329991228070176,12,10
2025-10-27,LOC-01,17.0,42.512499999999996,90.03,82.0,16.57,26.499458333333337,-55.50054166666666,-1.4605405701754386,13,10
2025-10-27,LOC-02,10.0,32.379999999999995,275.68,244.0,37.32,11.872666666666666,-232.12733333333333,-6.108614035087719,13,10
2025-10-27,LOC-03,12.0,36.56818181818182,330.23,350.0,25.270000000000003,16.090000000000003,-333.90999999999997,-8.787105263157894,13,10
2025-10-27,LOC-04,11.0,36.372727272727275,179.63,198.0,11.36,14.670333333333335,-183.32966666666667,-4.8244649122807015,13,10
2025-10-27,LOC-05,9.0,35.3111111111111,381.41,434.0,12.82,11.652666666666667,-422.3473333333333,-11.114403508771929,13,10
2025-10-27,LOC-06,13.0,45.12083333333334,252.2,218.0,34.2,21.507597222222227,-196.49240277777778,-5.170852704678363,13,10
2025-10-27,LOC-07,10.0,49.86000000000001,239.11,254.0,21.78,18.282000000000004,-235.718,-6.2031052631578945,13,10
2025-10-27,LOC-08,14.0,35.5,430.10000000000014,382.0,59.93,18.223333333333336,-363.77666666666664,-9.573070175438597,13,10
2025-10-27,LOC-09,15.0,54.96153846153846,365.4700000000001,346.0,40.6,30.228846153846156,-315.7711538461538,-8.309767206477732,13,10
2025-10-27,LOC-10,16.0,32.38999999999999,248.74,220.0,50.69,19.002133333333333,-200.99786666666665,-5.289417543859649,13,10
2025-11-03,LOC-01,12.0,57.75833333333333,94.56,82.0,19.79,25.41366666666667,-56.58633333333333,-1.4891140350877192,14,11
2025-11-03,LOC-02,10.0,48.97222222222221,277.83,256.0,29.769999999999996,17.95648148148148,-238.0435185185185,-6.264303118908382,14,11
2025-11-03,LOC-03,10.0,38.97,318.06,338.0,10.83,14.289000000000001,-323.711,-8.51871052631579,14,11
2025-11-03,LOC-04,15.0,32.974999999999994,165.20999999999998,198.0,16.21,18.136249999999997,-179.86375,-4.733256578947369,14,11
2025-11-03,LOC-05,7.0,45.85,394.81,434.0,22.87,11.768166666666666,-422.2318333333333,-11.11136403508772,14,11
2025-11-03,LOC-06,16.0,42.103571428571435,232.38,218.0,21.550000000000004,24.700761904761908,-193.29923809523808,-5.086822055137844,14,11
2025-11-03,LOC-07,15.0,28.28461538461539,257.61,254.0,31.060000000000002,15.556538461538466,-238.44346153846152,-6.274827935222672,14,11
2025-11-03,LOC-08,11.0,34.0,383.36,362.0,36.71000000000001,13.713333333333335,-348.2866666666667,-9.165438596491228,14,11
2025-11-03,LOC-09,12.0,40.78333333333334,296.19,308.0,19.47,17.94466666666667,-290.05533333333335,-7.633035087719299,14,11
2025-11-03,LOC-10,11.0,33.7,231.78,220.0,32.58,13.592333333333336,-206.40766666666667,-5.431780701754386,14,11
2025-11-10,LOC-01,9.0,45.75555555555556,98.32999999999998,82.0,21.979999999999997,15.099333333333336,-66.90066666666667,-1.7605438596491227,15,11
2025-11-10,LOC-02,13.0,44.22916666666668,290.84,256.0,37.21,21.082569444444456,-234.91743055555554,-6.18203764619883,15,11
2025-11-10,LOC-03,13.0,44.66969696969698,301.4,350.0,22.19,21.292555555555563,-328.70744444444443,-8.650195906432748,15,11
2025-11-10,LOC-04,12.0,41.36363636363637,171.25,182.0,17.39,18.200000000000003,-163.8,-4.310526315789474,15,11
2025-11-10,LOC-05,10.0,44.04,393.60999999999996,414.0,24.43,16.148,-397.852,-10.46978947368421,15,11
2025-11-10,LOC-06,13.0,30.86923076923077,220.44,218.0,18.0,14.714333333333334,-203.28566666666666,-5.349622807017544,15,11
2025-11-10,LOC-07,19.0,43.11764705882353,215.19,254.0,22.020000000000003,30.038627450980396,-223.96137254901961,-5.893720330237358,15,11
2025-11-10,LOC-08,10.0,29.887499999999996,393.12999999999994,382.0,37.19,10.958749999999998,-371.04125,-9.764243421052631,15,11
2025-11-10,LOC-09,11.0,48.75454545454545,307.74,308.0,29.45,19.66433333333333,-288.33566666666667,-7.587780701754386,15,11
2025-11-10,LOC-10,10.0,32.42222222222223,281.69000000000005,258.0,43.5,11.88814814814815,-246.11185185185184,-6.47662768031189,15,11
2025-11-17,LOC-01,11.0,38.63636363636363,81.55000000000001,82.0,3.63,15.583333333333332,-66.41666666666667,-1.7478070175438598,16,11
2025-11-17,LOC-02,7.0,42.528571428571425,287.0,256.0,42.879999999999995,10.915666666666668,-245.08433333333332,-6.449587719298245,16,11
2025-11-17,LOC-03,17.0,30.390625000000004,325.15999999999997,350.0,28.759999999999998,18.94348958333334,-331.05651041666664,-8.712013432017542,16,11
2025-11-17,LOC-04,7.0,21.183333333333334,178.09,198.0,12.42,5.437055555555556,-192.56294444444444,-5.067445906432749,16,11
2025-11-17,LOC-05,8.0,42.9125,363.88,418.0,13.4,12.587666666666667,-405.4123333333333,-10.668745614035087,16,11
2025-11-17,LOC-06,14.0,48.15,195.63,180.0,29.370000000000005,24.717000000000006,-155.283,-4.086394736842105,16,11
2025-11-17,LOC-07,16.0,32.835714285714296,199.18,254.0,21.52,19.263619047619056,-234.73638095238096,-6.177273182957394,16,11
2025-11-17,LOC-08,13.0,33.95454545454545,368.18,336.0,42.17,16.185000000000002,-319.815,-8.416184210526316,16,11
2025-11-17,LOC-09,16.0,41.26,336.33000000000004,346.0,21.81,24.20586666666667,-321.7941333333333,-8.468266666666667,16,11
2025-11-17,LOC-10,13.0,26.9,255.59999999999997,258.0,27.950000000000003,12.822333333333335,-245.17766666666665,-6.452043859649122,16,11
2025-11-24,LOC-01,10.0,34.64,73.67,70.0,18.06,12.701333333333332,-57.29866666666667,-1.5078596491228071,17,11
2025-11-24,LOC-02,19.0,51.08888888888889,267.43,256.0,28.459999999999997,35.59192592592593,-220.40807407407408,-5.800212475633528,17,11
2025-11-24,LOC-03,11.0,46.18,295.86,326.0,15.7,18.625933333333336,-307.37406666666664,-8.088791228070175,17,11
2025-11-24,LOC-04,11.0,26.68,173.41,198.0,13.02,10.760933333333336,-187.23906666666667,-4.927343859649123,17,11
2025-11-24,LOC-05,10.0,52.839999999999996,317.03,434.0,10.77,19.37466666666667,-414.62533333333334,-10.911192982456141,17,11
2025-11-24,LOC-06,12.0,37.6,228.00000000000003,218.0,26.240000000000002,16.544000000000004,-201.456,-5.301473684210526,17,11
2025-11-24,LOC-07,14.0,33.90833333333334,235.85000000000002,254.0,18.0,17.40627777777778,-236.59372222222223,-6.226150584795322,17,11
2025-11-24,LOC-08,16.0,25.540000000000006,351.61,382.0,24.97,14.98346666666667,-367.0165333333333,-9.658329824561402,17,11
2025-11-24,LOC-09,14.0,35.85,319.45000000000005,346.0,24.409999999999997,18.403000000000002,-327.597,-8.620973684210526,17,11
2025-11-24,LOC-10,17.0,30.517857142857142,239.23000000000002,230.0,35.39999999999999,19.02279761904762,-210.97720238095238,-5.55203164160401,17,11
2025-12-01,LOC-01,15.0,34.792307692307695,74.0,66.0,17.27,19.135769230769235,-46.864230769230765,-1.2332692307692306,18,12
2025-12-01,LOC-02,15.0,37.61428571428571,280.74,256.0,40.699999999999996,20.68785714285714,-235.31214285714287,-6.192424812030076,18,12
2025-12-01,LOC-03,16.0,34.17999999999999,282.93999999999994,302.0,19.759999999999998,20.052266666666664,-281.94773333333336,-7.419677192982457,18,12
2025-12-01,LOC-04,8.0,29.8625,166.07,182.0,15.639999999999999,8.759666666666668,-173.24033333333333,-4.558956140350877,18,12
2025-12-01,LOC-05,17.0,47.07333333333333,360.41999999999996,434.0,11.019999999999998,29.34237777777778,-404.65762222222224,-10.648884795321639,18,12
2025-12-01,LOC-06,12.0,39.81666666666667,222.38,218.0,26.46,17.51933333333334,-200.48066666666665,-5.275807017543859,18,12
2025-12-01,LOC-07,14.0,34.84285714285714,228.10000000000002,254.0,16.770000000000003,17.886,-236.114,-6.213526315789474,18,12
2025-12-01,LOC-08,11.0,31.165000000000003,418.7,382.0,48.04,12.569883333333337,-369.43011666666666,-9.721845175438597,18,12
2025-12-01,LOC-09,8.0,39.69285714285714,322.39,346.0,10.09,11.643238095238097,-334.3567619047619,-8.798862155388472,18,12
2025-12-01,LOC-10,10.0,49.58,256.23,258.0,28.54,18.179333333333332,-239.82066666666668,-6.311070175438597,18,12
2025-12-08,LOC-01,11.0,46.163636363636364,99.26999999999998,82.0,21.43,18.619333333333334,-63.38066666666667,-1.6679122807017546,19,12
2025-12-08,LOC-02,10.0,47.33,264.83000000000004,236.0,38.67,17.354333333333333,-218.64566666666667,-5.753833333333334,19,12
2025-12-08,LOC-03,12.0,43.89,305.13,350.0,13.35,19.311600000000002,-330.6884,-8.702326315789474,19,12
2025-12-08,LOC-04,11.0,36.56363636363636,191.08999999999997,198.0,21.419999999999998,14.747333333333334,-183.25266666666667,-4.822438596491228,19,12
2025-12-08,LOC-05,7.0,40.02857142857143,394.30999999999995,418.0,21.84,10.274000000000003,-407.726,-10.729631578947368,19,12
2025-12-08,LOC-06,18.0,34.490625,237.76999999999998,218.0,27.369999999999997,22.763812500000004,-195.2361875,-5.137794407894737,19,12
2025-12-08,LOC-07,11.0,45.96363636363637,210.57,238.0,15.61,18.53866666666667,-219.46133333333333,-5.775298245614035,19,12
2025-12-08,LOC-08,11.0,45.31818181818182,433.53,382.0,54.53,18.278333333333336,-363.7216666666667,-9.571622807017544,19,12
2025-12-08,LOC-09,9.0,40.655555555555566,367.91999999999996,346.0,43.74,13.416333333333338,-332.58366666666666,-8.752201754385965,19,12
2025-12-08,LOC-10,11.0,38.554545454545455,240.32,234.0,28.37,15.550333333333334,-218.44966666666667,-5.748675438596491,19,12
2025-12-15,LOC-01,17.0,38.83125,92.02,82.0,17.44,24.2048125,-57.7951875,-1.5209259868421052,20,12
2025-12-15,LOC-02,11.0,53.22727272727273,267.08,256.0,32.5,21.468333333333334,-234.53166666666667,-6.17188596491228,20,12
2025-12-15,LOC-03,15.0,23.104166666666668,293.69,312.0,20.549999999999997,12.707291666666668,-299.29270833333334,-7.8761239035087725,20,12
2025-12-15,LOC-04,17.0,39.48823529411765,184.82999999999998,182.0,22.990000000000002,24.614333333333338,-157.38566666666665,-4.141728070175438,20,12
2025-12-15,LOC-05,10.0,37.33125,338.45000000000005,434.0,10.48,13.688125000000001,-420.311875,-11.060838815789474,20,12
2025-12-15,LOC-06,10.0,45.1,256.83,218.0,38.83,16.53666666666667,-201.46333333333334,-5.301666666666667,20,12
2025-12-15,LOC-07,11.0,46.06363636363636,246.32,254.0,27.39,18.579,-235.421,-6.19528947368421,20,12
2025-12-15,LOC-08,16.0,44.03999999999999,422.13000000000005,382.0,51.96000000000001,25.836799999999997,-356.1632,-9.372715789473684,20,12
2025-12-15,LOC-09,13.0,44.33076923076923,350.81999999999994,334.0,36.44,21.131,-312.869,-8.233394736842106,20,12
2025-12-15,LOC-10,7.0,13.6,272.71999999999997,250.0,41.92,3.490666666666667,-246.50933333333333,-6.487087719298246,20,12
2025-12-22,LOC-01,13.0,40.52307692307692,96.47,82.0,18.6,19.316,-62.684,-1.649578947368421,21,12
2025-12-22,LOC-02,17.0,58.205882352941174,296.24,256.0,43.879999999999995,36.28166666666667,-219.71833333333333,-5.782061403508772,21,12
2025-12-22,LOC-03,16.0,30.569230769230767,326.14000000000004,350.0,23.68,17.93394871794872,-332.06605128205126,-8.738580296896085,21,12
2025-12-22,LOC-04,11.0,39.900000000000006,182.22000000000003,182.0,18.33,16.093000000000004,-165.90699999999998,-4.365973684210526,21,12
2025-12-22,LOC-05,10.0,62.23,366.27,396.0,12.78,22.817666666666668,-373.1823333333333,-9.820587719298246,21,12
2025-12-22,LOC-06,10.0,27.480000000000008,242.91999999999996,218.0,31.279999999999998,10.076000000000002,-207.924,-5.471684210526316,21,12
2025-12-22,LOC-07,11.0,30.494999999999997,251.02,254.0,24.950000000000003,12.299650000000002,-241.70035,-6.360535526315789,21,12
2025-12-22,LOC-08,12.0,40.325,411.17,382.0,46.97,17.743000000000006,-364.257,-9.58571052631579,21,12
2025-12-22,LOC-09,9.0,33.666666666666664,344.72,346.0,25.919999999999998,11.110000000000001,-334.89,-8.812894736842106,21,12
2025-12-22,LOC-10,16.0,36.525,259.81,258.0,53.120000000000005,21.428,-236.572,-6.2255789473684215,21,12
2025-12-29,LOC-01,9.0,33.41111111111111,88.89,66.0,24.939999999999998,11.025666666666668,-54.974333333333334,-1.4466929824561403,22,12
2025-12-29,LOC-02,11.0,43.77272727272727,281.36,256.0,35.690000000000005,17.655,-238.345,-6.272236842105263,22,12
2025-12-29,LOC-03,10.0,42.36,285.86,334.0,10.14,15.532000000000002,-318.468,-8.380736842105264,22,12
2025-12-29,LOC-04,11.0,37.43000000000001,197.32,198.0,21.330000000000002,15.09676666666667,-182.90323333333333,-4.81324298245614,22,12
2025-12-29,LOC-05,13.0,45.04615384615385,375.93,434.0,17.83,21.472,-412.528,-10.856,22,12
2025-12-29,LOC-06,18.0,28.958823529411763,245.03,218.0,30.77,19.112823529411767,-198.88717647058823,-5.23387306501548,22,12
2025-12-29,LOC-07,15.0,33.46428571428572,210.23,238.0,25.48,18.40535714285715,-219.59464285714284,-5.778806390977444,22,12
2025-12-29,LOC-08,9.0,31.06666666666667,399.19,366.0,54.089999999999996,10.252,-355.748,-9.36178947368421,22,12
2025-12-29,LOC-09,9.0,42.333333333333336,316.21,326.0,28.97,13.97,-312.03,-8.211315789473684,22,12
2025-12-29,LOC-10,18.0,50.05333333333333,259.75,258.0,46.19,33.035199999999996,-224.9648,-5.9201263157894735,22,12
2026-01-05,LOC-01,11.0,44.39999999999999,64.82,54.0,11.15,17.907999999999998,-36.092,-0.9497894736842105,23,1
2026-01-05,LOC-02,13.0,50.60000000000001,288.95000000000005,256.0,48.71,24.119333333333337,-231.88066666666666,-6.102122807017544,23,1
2026-01-05,LOC-03,18.0,36.42187500000001,318.71,350.0,16.55,24.038437500000004,-325.9615625,-8.577935855263158,23,1
2026-01-05,LOC-04,8.0,33.775,189.4,198.0,17.47,9.907333333333334,-188.09266666666667,-4.9498070175438595,23,1
2026-01-05,LOC-05,9.0,40.06875,322.59000000000003,396.0,9.28,13.222687500000003,-382.7773125,-10.07308717105263,23,1
2026-01-05,LOC-06,14.0,37.96153846153846,225.04,198.0,31.37,19.486923076923077,-178.51307692307694,-4.697712550607288,23,1
2026-01-05,LOC-07,21.0,39.920588235294126,213.28,208.0,21.490000000000002,30.73885294117648,-177.26114705882352,-4.664767027863777,23,1
2026-01-05,LOC-08,16.0,30.35333333333334,413.4,382.0,49.10999999999999,17.80728888888889,-364.1927111111111,-9.584018713450293,23,1
2026-01-05,LOC-09,10.0,46.839999999999996,301.44,308.0,22.31,17.174666666666667,-290.82533333333333,-7.653298245614035,23,1
2026-01-05,LOC-10,9.0,26.15555555555555,204.76999999999998,204.0,32.42,8.631333333333332,-195.36866666666666,-5.141280701754385,23,1
2026-01-12,LOC-01,15.0,46.95128205128205,92.65999999999998,82.0,20.81,25.823205128205128,-56.17679487179487,-1.4783367071524964,24,1
2026-01-12,LOC-02,13.0,36.74615384615385,280.45,256.0,34.230000000000004,17.51566666666667,-238.48433333333332,-6.27590350877193,24,1
2026-01-12,LOC-03,5.0,35.660000000000004,309.7,350.0,16.83,6.537666666666667,-343.46233333333333,-9.03848245614035,24,1
2026-01-12,LOC-04,10.0,40.977777777777774,186.53999999999996,182.0,25.08,15.025185185185183,-166.9748148148148,-4.394074074074074,24,1
2026-01-12,LOC-05,12.0,34.980000000000004,421.18999999999994,434.0,25.700000000000003,15.391200000000001,-418.6088,-11.016021052631578,24,1
2026-01-12,LOC-06,18.0,39.423529411764704,198.05,180.0,20.16,26.019529411764704,-153.9804705882353,-4.052117647058824,24,1
2026-01-12,LOC-07,14.0,34.02142857142857,224.0,224.0,20.970000000000002,17.464333333333336,-206.53566666666666,-5.435149122807017,24,1
2026-01-12,LOC-08,11.0,25.636363636363637,412.39,382.0,40.62,10.340000000000002,-371.66,-9.780526315789475,24,1
2026-01-12,LOC-09,15.0,38.646428571428565,307.05,346.0,22.49,21.255535714285713,-324.7444642857143,-8.545906954887219,24,1
2026-01-12,LOC-10,13.0,50.90833333333333,280.59000000000003,258.0,41.76,24.266305555555558,-233.73369444444444,-6.150886695906433,24,1
2026-01-19,LOC-01,13.0,45.33846153846154,97.38000000000001,82.0,17.3,21.611333333333334,-60.388666666666666,-1.5891754385964911,25,1
2026-01-19,LOC-02,5.0,35.96,223.95,248.0,24.330000000000002,6.592666666666668,-241.40733333333333,-6.352824561403509,25,1
2026-01-19,LOC-03,14.0,44.628571428571426,291.94,350.0,13.059999999999999,22.909333333333333,-327.09066666666666,-8.607649122807018,25,1
2026-01-19,LOC-04,7.0,50.771428571428565,156.5,198.0,2.89,13.031333333333333,-184.96866666666668,-4.8675964912280705,25,1
2026-01-19,LOC-05,13.0,36.815384615384616,393.09999999999997,426.0,28.87,17.54866666666667,-408.4513333333333,-10.748719298245613,25,1
2026-01-19,LOC-06,19.0,43.05833333333333,200.09,180.0,20.11,29.997305555555556,-150.00269444444444,-3.9474393274853803,25,1
2026-01-19,LOC-07,10.0,49.36,241.95000000000002,254.0,19.73,18.098666666666666,-235.90133333333333,-6.207929824561403,25,1
2026-01-19,LOC-08,13.0,21.57,386.8400000000001,374.0,35.65,10.281700000000003,-363.7183,-9.571534210526316,25,1
2026-01-19,LOC-09,17.0,30.27058823529412,354.78999999999996,346.0,33.7,18.868666666666666,-327.1313333333333,-8.608719298245614,25,1
2026-01-19,LOC-10,11.0,39.25454545454545,243.45999999999998,250.0,39.660000000000004,15.832666666666666,-234.16733333333335,-6.162298245614036,25,1
2026-01-26,LOC-01,14.0,48.00833333333333,98.94,82.0,18.59,24.64427777777778,-57.35572222222222,-1.509361111111111,26,1
2026-01-26,LOC-02,10.0,38.988888888888894,279.58,256.0,26.61,14.295925925925928,-241.70407407407407,-6.360633528265107,26,1
2026-01-26,LOC-03,16.0,42.90833333333334,308.12,326.0,16.89,25.172888888888895,-300.8271111111111,-7.916502923976608,26,1
2026-01-26,LOC-04,9.0,36.54444444444445,164.6,178.0,16.92,12.05966666666667,-165.94033333333334,-4.366850877192983,26,1
2026-01-26,LOC-05,10.0,48.56666666666667,386.01,418.0,27.609999999999996,17.80777777777778,-400.1922222222222,-10.531374269005847,26,1
2026-01-26,LOC-06,18.0,37.688235294117646,226.07,210.0,21.020000000000003,24.87423529411765,-185.12576470588235,-4.871730650154799,26,1
2026-01-26,LOC-07,13.0,32.15384615384615,234.57999999999998,254.0,21.27,15.326666666666668,-238.67333333333335,-6.280877192982456,26,1
2026-01-26,LOC-08,10.0,35.849999999999994,349.47,358.0,46.489999999999995,13.144999999999998,-344.855,-9.075131578947369,26,1
2026-01-26,LOC-09,15.0,44.00666666666667,359.81,346.0,36.05,24.20366666666667,-321.79633333333334,-8.46832456140351,26,1
2026-01-26,LOC-10,17.0,34.065625,235.58,226.0,28.480000000000004,21.23423958333333,-204.76576041666667,-5.38857264254386,26,1
2026-02-02,LOC-01,15.0,43.87692307692308,85.26,82.0,10.47,24.132307692307695,-57.86769230769231,-1.522834008097166,27,2
2026-02-02,LOC-02,11.0,52.42222222222223,281.36,256.0,36.74,21.143629629629633,-234.85637037037037,-6.1804307992202725,27,2
2026-02-02,LOC-03,13.0,35.47272727272727,307.19,326.0,16.13,16.90866666666667,-309.09133333333335,-8.133982456140352,27,2
2026-02-02,LOC-04,12.0,22.999999999999996,170.65000000000003,174.0,22.96,10.119999999999997,-163.88,-4.312631578947368,27,2
2026-02-02,LOC-05,13.0,46.73076923076924,398.27,426.0,19.410000000000004,22.275000000000006,-403.725,-10.624342105263159,27,2
2026-02-02,LOC-06,16.0,35.13750000000001,250.39000000000001,218.0,35.76,20.614000000000008,-197.386,-5.194368421052632,27,2
2026-02-02,LOC-07,17.0,37.576470588235296,226.94,254.0,19.78,23.42266666666667,-230.57733333333334,-6.067824561403509,27,2
2026-02-02,LOC-08,17.0,29.120000000000005,363.51,358.0,27.740000000000002,18.15146666666667,-339.8485333333333,-8.94338245614035,27,2
2026-02-02,LOC-09,14.0,36.13333333333333,315.28000000000003,346.0,25.0,18.548444444444446,-327.45155555555556,-8.61714619883041,27,2
2026-02-02,LOC-10,12.0,45.05833333333334,247.54000000000002,258.0,22.450000000000003,19.825666666666667,-238.17433333333332,-6.267745614035087,27,2
2026-02-09,LOC-01,21.0,35.59166666666666,98.74000000000001,82.0,20.73,27.405583333333333,-54.59441666666667,-1.4366951754385966,28,2
2026-02-09,LOC-02,14.0,40.09615384615385,299.38,256.0,48.87,20.58269230769231,-235.4173076923077,-6.195192307692308,28,2
2026-02-09,LOC-03,18.0,30.540476190476188,331.59000000000003,326.0,24.849999999999998,20.156714285714287,-305.8432857142857,-8.048507518796992,28,2
2026-02-09,LOC-04,5.0,25.82,199.48000000000002,198.0,27.46,4.733666666666666,-193.26633333333334,-5.085956140350877,28,2
2026-02-09,LOC-05,9.0,58.47142857142857,380.44,426.0,11.78,19.29557142857143,-406.7044285714286,-10.702748120300752,28,2
2026-02-09,LOC-06,27.0,32.96666666666666,238.09000000000003,218.0,26.660000000000004,32.637,-185.363,-4.877973684210526,28,2
2026-02-09,LOC-07,19.0,35.172222222222224,228.36,254.0,19.57,24.503314814814818,-229.49668518518519,-6.0393864522417156,28,2
2026-02-09,LOC-08,17.0,32.240625,409.79999999999995,382.0,47.57000000000001,20.096656250000002,-361.90334375,-9.523772203947368,28,2
2026-02-09,LOC-09,6.0,41.8,336.96,346.0,24.240000000000002,9.196,-336.804,-8.863263157894735,28,2
2026-02-09,LOC-10,17.0,44.417647058823526,276.49,258.0,48.440000000000005,27.687,-230.313,-6.060868421052631,28,2
2026-02-16,LOC-01,10.0,42.34,97.58000000000001,82.0,19.79,15.52466666666667,-66.47533333333332,-1.7493508771929822,29,2
2026-02-16,LOC-02,15.0,45.56666666666667,260.87,256.0,29.6,25.06166666666667,-230.93833333333333,-6.0773245614035085,29,2
2026-02-16,LOC-03,9.0,41.777777777777786,325.48,350.0,19.94,13.786666666666669,-336.2133333333333,-8.847719298245613,29,2
2026-02-16,LOC-04,5.0,65.8,161.89,198.0,12.219999999999999,12.063333333333334,-185.93666666666667,-4.893070175438597,29,2
2026-02-16,LOC-05,15.0,44.285714285714285,395.02,434.0,10.05,24.357142857142858,-409.64285714285717,-10.780075187969926,29,2
2026-02-16,LOC-06,20.0,44.81315789473685,219.92000000000002,218.0,18.4,32.86298245614035,-185.13701754385966,-4.872026777469991,29,2
2026-02-16,LOC-07,11.0,27.080000000000002,234.01999999999998,254.0,21.52,10.922266666666669,-243.07773333333333,-6.39678245614035,29,2
2026-02-16,LOC-08,11.0,37.70909090909091,374.07000000000005,344.0,49.71,15.209333333333333,-328.79066666666665,-8.65238596491228,29,2
2026-02-16,LOC-09,15.0,45.40714285714286,293.1,330.0,20.47,24.973928571428573,-305.0260714285714,-8.027001879699247,29,2
2026-02-16,LOC-10,11.0,29.327272727272728,275.78999999999996,258.0,40.19,11.828666666666669,-246.17133333333334,-6.47819298245614,29,2
2026-02-23,LOC-01,17.0,45.91538461538461,79.08,82.0,15.6,28.620589743589743,-53.37941025641025,-1.404721322537112,30,2
2026-02-23,LOC-02,10.0,54.39,287.19,256.0,39.18,19.943,-236.057,-6.2120263157894735,30,2
2026-02-23,LOC-03,10.0,35.239999999999995,314.69000000000005,334.0,36.620000000000005,12.921333333333333,-321.07866666666666,-8.449438596491229,30,2
2026-02-23,LOC-04,9.0,37.74444444444445,187.89000000000001,198.0,20.21,12.45566666666667,-185.54433333333333,-4.8827456140350876,30,2
2026-02-23,LOC-05,16.0,47.28125,387.39,426.0,18.9,27.738333333333333,-398.26166666666666,-10.480570175438595,30,2
2026-02-23,LOC-06,9.0,31.100000000000005,246.53,218.0,30.910000000000004,10.263000000000003,-207.737,-5.466763157894737,30,2
2026-02-23,LOC-07,13.0,42.68333333333334,231.44,254.0,22.18,20.34572222222223,-233.65427777777776,-6.1487967836257305,30,2
2026-02-23,LOC-08,8.0,22.8,378.92999999999995,382.0,49.97,6.688000000000001,-375.312,-9.876631578947368,30,2
2026-02-23,LOC-09,6.0,29.28,312.81000000000006,346.0,20.61,6.4416,-339.5584,-8.935747368421053,30,2
2026-02-23,LOC-10,18.0,34.696875,268.48,258.0,38.24,22.8999375,-235.1000625,-6.18684375,30,2
2026-03-02,LOC-01,17.0,50.09999999999999,93.89,82.0,21.77,31.228999999999996,-50.771,-1.3360789473684211,31,3
2026-03-02,LOC-02,15.0,48.24,299.13,256.0,50.129999999999995,26.532000000000004,-229.468,-6.038631578947368,31,3
2026-03-02,LOC-03,9.0,35.04444444444445,280.73,296.0,17.099999999999998,11.564666666666671,-284.43533333333335,-7.485140350877193,31,3
2026-03-02,LOC-04,9.0,41.211111111111116,180.02,198.0,13.25,13.59966666666667,-184.40033333333332,-4.852640350877192,31,3
2026-03-02,LOC-05,13.0,41.04583333333334,406.15999999999997,434.0,17.83,19.56518055555556,-414.43481944444443,-10.906179459064328,31,3
2026-03-02,LOC-06,16.0,35.142857142857146,257.21,218.0,42.919999999999995,20.61714285714286,-197.38285714285715,-5.194285714285715,31,3
2026-03-02,LOC-07,10.0,49.260000000000005,231.74,230.0,25.82,18.062000000000005,-211.938,-5.577315789473684,31,3
2026-03-02,LOC-08,16.0,37.112500000000004,392.34,382.0,44.470000000000006,21.772666666666673,-360.2273333333333,-9.479666666666667,31,3
2026-03-02,LOC-09,11.0,44.160000000000004,304.92999999999995,302.0,19.88,17.811200000000003,-284.1888,-7.478652631578948,31,3
2026-03-02,LOC-10,13.0,46.06666666666666,267.03000000000003,258.0,46.68,21.958444444444442,-236.04155555555556,-6.211619883040936,31,3
2026-03-09,LOC-01,8.0,47.074999999999996,99.49000000000001,82.0,21.610000000000003,13.808666666666667,-68.19133333333333,-1.7945087719298245,32,3
2026-03-09,LOC-02,11.0,47.036363636363646,250.62,256.0,33.41,18.971333333333337,-237.02866666666665,-6.23759649122807,32,3
2026-03-09,LOC-03,14.0,42.135714285714286,330.93999999999994,350.0,20.720000000000002,21.62966666666667,-328.37033333333335,-8.64132456140351,32,3
2026-03-09,LOC-04,10.0,46.50000000000001,183.23000000000002,198.0,15.7,17.050000000000004,-180.95,-4.761842105263158,32,3
2026-03-09,LOC-05,9.0,44.44444444444444,390.98,434.0,17.82,14.666666666666668,-419.3333333333333,-11.035087719298245,32,3
2026-03-09,LOC-06,12.0,35.11818181818182,247.82999999999998,218.0,33.38,15.451999999999998,-202.548,-5.330210526315789,32,3
2026-03-09,LOC-07,15.0,36.903571428571425,217.38,224.0,20.97,20.296964285714285,-203.7030357142857,-5.360606203007518,32,3
2026-03-09,LOC-08,14.0,25.446153846153848,442.74999999999994,382.0,64.87,13.062358974358979,-368.937641025641,-9.708885290148448,32,3
2026-03-09,LOC-09,14.0,43.5923076923077,354.38,326.0,38.78,22.37738461538462,-303.62261538461536,-7.990068825910931,32,3
2026-03-09,LOC-10,11.0,19.490000000000002,276.55,258.0,41.84,7.860966666666668,-250.13903333333334,-6.582606140350878,32,3
2026-03-16,LOC-01,13.0,54.85833333333334,96.67999999999999,82.0,18.720000000000002,26.149138888888892,-55.85086111111111,-1.4697595029239765,33,3
2026-03-16,LOC-02,21.0,53.090476190476195,241.49,218.0,35.75,40.87966666666667,-177.12033333333332,-4.661061403508771,33,3
2026-03-16,LOC-03,12.0,37.01363636363636,298.7,326.0,22.86,16.286,-309.714,-8.150368421052631,33,3
2026-03-16,LOC-04,16.0,43.26428571428572,189.08,198.0,17.13,25.381714285714292,-172.61828571428572,-4.542586466165414,33,3
2026-03-16,LOC-05,5.0,48.379999999999995,392.56000000000006,434.0,14.860000000000001,8.869666666666667,-425.13033333333334,-11.187640350877194,33,3
2026-03-16,LOC-06,20.0,40.56470588235294,246.65000000000003,218.0,32.54,29.74745098039216,-188.25254901960784,-4.954014447884417,33,3
2026-03-16,LOC-07,14.0,41.825,227.54999999999998,254.0,21.62,21.47016666666667,-232.52983333333333,-6.119206140350877,33,3
2026-03-16,LOC-08,17.0,37.93529411764706,394.40999999999997,382.0,39.56,23.646333333333338,-358.35366666666664,-9.430359649122806,33,3
2026-03-16,LOC-09,17.0,41.74062500000001,355.19999999999993,346.0,35.150000000000006,26.018322916666676,-319.98167708333335,-8.420570449561405,33,3
2026-03-16,LOC-10,19.0,31.65,290.82,258.0,54.900000000000006,22.049500000000005,-235.9505,-6.209223684210526,33,3
2026-03-23,LOC-01,5.0,39.58,88.82000000000001,70.0,19.0,7.256333333333333,-62.74366666666667,-1.6511491228070176,34,3
2026-03-23,LOC-02,13.0,43.63076923076923,280.67,256.0,32.900000000000006,20.797333333333338,-235.20266666666666,-6.189543859649123,34,3
2026-03-23,LOC-03,14.0,44.82857142857143,292.70000000000005,326.0,17.07,23.012000000000004,-302.988,-7.973368421052632,34,3
2026-03-23,LOC-04,12.0,41.690909090909095,178.01999999999998,198.0,15.879999999999999,18.344000000000005,-179.656,-4.7277894736842105,34,3
2026-03-23,LOC-05,16.0,39.32666666666667,406.76,414.0,25.24,23.07164444444445,-390.9283555555555,-10.287588304093566,34,3
2026-03-23,LOC-06,15.0,31.51923076923077,254.59,218.0,36.59,17.335576923076925,-200.66442307692307,-5.280642712550607,34,3
2026-03-23,LOC-07,16.0,40.837500000000006,226.64000000000001,254.0,18.05,23.958000000000006,-230.042,-6.0537368421052635,34,3
2026-03-23,LOC-08,16.0,37.10333333333333,354.59999999999997,344.0,42.559999999999995,21.76728888888889,-322.2327111111111,-8.479808187134502,34,3
2026-03-23,LOC-09,11.0,36.52727272727273,354.97,346.0,30.92,14.73266666666667,-331.26733333333334,-8.717561403508773,34,3
2026-03-23,LOC-10,11.0,48.70909090909092,252.22999999999996,258.0,23.21,19.646000000000004,-238.35399999999998,-6.272473684210526,34,3
2026-03-30,LOC-01,19.0,40.116666666666674,99.73,82.0,21.79,27.947944444444452,-54.05205555555555,-1.4224225146198828,35,3
2026-03-30,LOC-02,17.0,45.429411764705875,296.76,256.0,44.760000000000005,28.317666666666664,-227.68233333333333,-5.991640350877193,35,3
2026-03-30,LOC-03,20.0,43.96666666666667,336.31000000000006,350.0,26.58,32.242222222222225,-317.7577777777778,-8.36204678362573,35,3
2026-03-30,LOC-04,14.0,42.575,174.91,198.0,14.1,21.855166666666673,-176.14483333333334,-4.635390350877193,35,3
2026-03-30,LOC-05,17.0,40.741176470588236,406.13,434.0,22.47,25.395333333333333,-408.6046666666667,-10.752754385964913,35,3
2026-03-30,LOC-06,19.0,38.56666666666668,249.14999999999998,218.0,35.07,26.86811111111112,-191.13188888888888,-5.029786549707602,35,3
2026-03-30,LOC-07,11.0,46.68,208.48000000000002,246.0,9.98,18.8276,-227.1724,-5.9782210526315795,35,3
2026-03-30,LOC-08,13.0,26.65909090909091,435.77000000000004,382.0,57.96,12.707500000000001,-369.2925,-9.718223684210527,35,3
2026-03-30,LOC-09,9.0,51.83333333333333,335.95000000000005,314.0,35.86,17.105,-296.895,-7.8130263157894735,35,3
2026-03-30,LOC-10,11.0,36.09090909090909,262.18,258.0,29.48,14.556666666666667,-243.44333333333333,-6.4064035087719295,35,3
2026-04-06,LOC-01,14.0,40.52916666666666,92.11,82.0,20.22,20.804972222222222,-61.19502777777778,-1.6103954678362573,36,4
2026-04-06,LOC-02,17.0,39.37499999999999,291.0,256.0,44.69,24.54375,-231.45625,-6.090953947368422,36,4
2026-04-06,LOC-03,9.0,38.74285714285714,317.05000000000007,350.0,14.99,12.785142857142857,-337.21485714285717,-8.874075187969925,36,4
2026-04-06,LOC-04,10.0,31.799999999999994,150.76,160.0,14.92,11.659999999999998,-148.34,-3.903684210526316,36,4
2026-04-06,LOC-05,11.0,50.209090909090904,368.31000000000006,426.0,16.310000000000002,20.251,-405.749,-10.677605263157895,36,4
2026-04-06,LOC-06,12.0,42.77777777777778,241.35,218.0,25.11,18.822222222222223,-199.17777777777778,-5.241520467836257,36,4
2026-04-06,LOC-07,21.0,28.761111111111106,244.92000000000002,254.0,18.03,22.146055555555556,-231.85394444444444,-6.101419590643275,36,4
2026-04-06,LOC-08,14.0,34.50769230769231,418.33,382.0,55.85,17.71394871794872,-364.2860512820513,-9.586475033738191,36,4
2026-04-06,LOC-09,9.0,34.87777777777778,336.40999999999997,346.0,26.61,11.50966666666667,-334.49033333333335,-8.802377192982457,36,4
2026-04-06,LOC-10,14.0,41.5142857142857,282.86,258.0,51.279999999999994,21.310666666666663,-236.68933333333334,-6.228666666666666,36,4
2026-04-13,LOC-01,6.0,19.1,98.41,82.0,20.72,4.202000000000001,-77.798,-2.0473157894736844,37,4
2026-04-13,LOC-02,13.0,45.708333333333336,276.25,256.0,35.72,21.787638888888893,-234.2123611111111,-6.163483187134503,37,4
2026-04-13,LOC-03,13.0,26.441666666666666,343.0,350.0,26.77,12.603861111111112,-337.3961388888889,-8.878845760233919,37,4
2026-04-13,LOC-04,10.0,37.11,153.54000000000002,198.0,12.850000000000001,13.607000000000003,-184.393,-4.8524473684210525,37,4
2026-04-13,LOC-05,18.0,39.91666666666667,397.73,426.0,24.58,26.345000000000006,-399.655,-10.517236842105262,37,4
2026-04-13,LOC-06,14.0,44.121428571428574,240.75,218.0,31.98,22.649,-195.351,-5.140815789473685,37,4
2026-04-13,LOC-07,13.0,29.075000000000003,203.68,254.0,15.030000000000001,13.859083333333334,-240.14091666666667,-6.319497807017544,37,4
2026-04-13,LOC-08,15.0,30.670833333333338,429.88,382.0,56.3,16.86895833333334,-365.13104166666665,-9.608711622807016,37,4
2026-04-13,LOC-09,11.0,40.71,332.76000000000005,334.0,22.0,16.419700000000002,-317.5803,-8.357376315789475,37,4
2026-04-13,LOC-10,12.0,31.425,271.11,250.0,46.83,13.827000000000002,-236.173,-6.215078947368421,37,4
2026-04-20,LOC-01,14.0,42.50833333333333,98.17,82.0,20.36,21.820944444444446,-60.17905555555555,-1.583659356725146,38,4
2026-04-20,LOC-02,15.0,50.55,283.09000000000003,256.0,33.04,27.802500000000002,-228.1975,-6.005197368421053,38,4
2026-04-20,LOC-03,11.0,35.32,328.42,350.0,22.94,14.245733333333334,-335.7542666666667,-8.83563859649123,38,4
2026-04-20,LOC-04,6.0,17.78333333333333,177.25,198.0,18.84,3.912333333333333,-194.08766666666668,-5.107570175438597,38,4
2026-04-20,LOC-05,10.0,43.660000000000004,382.01,418.0,25.41,16.00866666666667,-401.99133333333333,-10.578719298245614,38,4
2026-04-20,LOC-06,7.0,33.028571428571425,242.40999999999997,218.0,30.229999999999997,8.477333333333334,-209.52266666666668,-5.513754385964913,38,4
2026-04-20,LOC-07,13.0,37.53636363636364,260.12,254.0,33.25000000000001,17.892333333333333,-236.10766666666666,-6.213359649122807,38,4
2026-04-20,LOC-08,13.0,29.795833333333334,419.87,382.0,43.489999999999995,14.202680555555558,-367.79731944444444,-9.67887682748538,38,4
2026-04-20,LOC-09,16.0,34.4875,327.34,322.0,33.9,20.232666666666667,-301.76733333333334,-7.941245614035088,38,4
2026-04-20,LOC-10,11.0,27.03636363636364,260.93,230.0,41.88,10.904666666666667,-219.09533333333334,-5.765666666666667,38,4
2026-04-27,LOC-01,18.0,42.82777777777778,96.11000000000001,82.0,18.23,28.26633333333334,-53.733666666666664,-1.4140438596491227,39,4
2026-04-27,LOC-02,20.0,44.74999999999999,254.87,244.0,26.490000000000002,32.81666666666666,-211.18333333333334,-5.557456140350877,39,4
2026-04-27,LOC-03,16.0,42.09642857142857,302.21999999999997,350.0,12.23,24.696571428571428,-325.3034285714286,-8.560616541353383,39,4
2026-04-27,LOC-04,11.0,36.945454545454545,176.74,198.0,12.58,14.901333333333334,-183.09866666666667,-4.818385964912281,39,4
2026-04-27,LOC-05,15.0,36.2423076923077,388.70000000000005,414.0,14.27,19.933269230769234,-394.0667307692308,-10.370177125506073,39,4
2026-04-27,LOC-06,17.0,36.470588235294116,251.39999999999998,218.0,33.4,22.733333333333338,-195.26666666666665,-5.1385964912280695,39,4
2026-04-27,LOC-07,14.0,28.91818181818182,245.09,254.0,23.59,14.844666666666669,-239.15533333333332,-6.293561403508772,39,4
2026-04-27,LOC-08,11.0,35.01,397.09000000000003,382.0,43.38,14.1207,-367.8793,-9.681034210526315,39,4
2026-04-27,LOC-09,17.0,32.915625000000006,357.95,346.0,35.48,20.517406250000004,-325.48259375,-8.565331414473684,39,4
2026-04-27,LOC-10,12.0,35.07272727272727,239.22,242.0,24.91,15.432000000000002,-226.56799999999998,-5.962315789473684,39,4
2026-05-04,LOC-01,20.0,31.026470588235302,88.25,82.0,15.719999999999999,22.752745098039224,-59.24725490196077,-1.5591382868937045,40,5
2026-05-04,LOC-02,16.0,52.83571428571429,286.04,256.0,45.5,30.996952380952383,-225.0030476190476,-5.9211328320802,40,5
2026-05-04,LOC-03,14.0,30.992857142857144,335.57,350.0,38.03,15.90966666666667,-334.0903333333333,-8.791850877192982,40,5
2026-05-04,LOC-04,7.0,48.15714285714286,178.01,198.0,13.59,12.360333333333337,-185.63966666666667,-4.885254385964912,40,5
2026-05-04,LOC-05,13.0,40.07083333333333,405.35,434.0,19.71,19.10043055555556,-414.89956944444447,-10.918409722222222,40,5
2026-05-04,LOC-06,14.0,38.684615384615384,263.21000000000004,218.0,45.209999999999994,19.858102564102566,-198.14189743589742,-5.214260458839406,40,5
2026-05-04,LOC-07,18.0,38.50588235294118,238.26,254.0,30.49,25.41388235294118,-228.5861176470588,-6.015424148606811,40,5
2026-05-04,LOC-08,15.0,40.84285714285714,419.24,382.0,49.459999999999994,22.46357142857143,-359.5364285714286,-9.461484962406015,40,5
2026-05-04,LOC-09,16.0,41.19666666666667,318.69,346.0,18.380000000000003,24.168711111111115,-321.8312888888889,-8.469244444444444,40,5
2026-05-04,LOC-10,13.0,40.49583333333334,253.82999999999998,222.0,39.970000000000006,19.303013888888895,-202.6969861111111,-5.334131213450292,40,5
2026-05-11,LOC-01,11.0,38.5,75.4,74.0,7.94,15.528333333333336,-58.471666666666664,-1.5387280701754384,41,5
2026-05-11,LOC-02,15.0,38.43333333333333,279.2,256.0,34.28,21.138333333333332,-234.86166666666668,-6.180570175438596,41,5
2026-05-11,LOC-03,12.0,47.849999999999994,344.24000000000007,350.0,19.009999999999998,21.054,-328.946,-8.656473684210527,41,5
2026-05-11,LOC-04,8.0,37.371428571428574,170.96,198.0,17.11,10.962285714285716,-187.0377142857143,-4.922045112781955,41,5
2026-05-11,LOC-05,13.0,44.2909090909091,373.53,398.0,24.730000000000004,21.11200000000001,-376.888,-9.918105263157894,41,5
2026-05-11,LOC-06,22.0,44.55,244.20999999999998,218.0,29.490000000000002,35.937,-182.063,-4.791131578947368,41,5
2026-05-11,LOC-07,17.0,40.82000000000001,231.53,254.0,21.05,25.444466666666674,-228.55553333333333,-6.014619298245614,41,5
2026-05-11,LOC-08,14.0,39.18333333333333,422.94,382.0,50.33,20.11411111111111,-361.88588888888887,-9.523312865497076,41,5
2026-05-11,LOC-09,15.0,23.241666666666664,367.15,346.0,38.78,12.782916666666665,-333.21708333333333,-8.768870614035087,41,5
2026-05-11,LOC-10,19.0,25.905555555555555,238.10999999999999,222.0,30.130000000000003,18.04753703703704,-203.95246296296295,-5.367170077972709,41,5
2026-05-18,LOC-01,17.0,37.075,100.21,82.0,22.020000000000003,23.11008333333334,-58.889916666666664,-1.549734649122807,42,5
2026-05-18,LOC-02,15.0,46.59230769230768,271.06,256.0,31.3,25.625769230769226,-230.37423076923076,-6.06247975708502,42,5
2026-05-18,LOC-03,19.0,32.725,313.28999999999996,334.0,15.860000000000001,22.798416666666668,-311.20158333333336,-8.189515350877194,42,5
2026-05-18,LOC-04,5.0,45.94,190.49,198.0,20.45,8.422333333333334,-189.57766666666666,-4.9888859649122805,42,5
2026-05-18,LOC-05,23.0,38.24249999999999,376.3,414.0,21.400000000000002,32.251174999999996,-381.748825,-10.046021710526317,42,5
2026-05-18,LOC-06,25.0,43.54130434782609,255.12999999999997,218.0,37.13,39.91286231884059,-178.08713768115942,-4.686503623188406,42,5
2026-05-18,LOC-07,5.0,21.639999999999997,235.32,254.0,23.9,3.9673333333333334,-250.03266666666667,-6.579807017543859,42,5
2026-05-18,LOC-08,14.0,33.81666666666667,437.78,382.0,64.78,17.359222222222225,-364.64077777777777,-9.595809941520468,42,5
2026-05-18,LOC-09,13.0,46.23846153846153,297.59999999999997,346.0,16.46,22.040333333333333,-323.9596666666667,-8.525254385964914,42,5
2026-05-18,LOC-10,13.0,35.699999999999996,258.52,242.0,30.740000000000002,17.017,-224.983,-5.920605263157895,42,5
2026-05-25,LOC-01,19.0,47.036111111111104,103.77000000000001,82.0,23.79,32.76849074074074,-49.23150925925926,-1.2955660331384016,43,5
2026-05-25,LOC-02,17.0,46.241176470588236,267.21,256.0,32.07,28.823666666666668,-227.17633333333333,-5.978324561403508,43,5
2026-05-25,LOC-03,16.0,44.81805555555556,301.72999999999996,350.0,13.92,26.293259259259266,-323.7067407407407,-8.518598440545809,43,5
2026-05-25,LOC-04,12.0,39.065000000000005,192.14999999999998,198.0,21.54,17.188600000000005,-180.8114,-4.758194736842105,43,5
2026-05-25,LOC-05,11.0,43.099999999999994,375.0,410.0,22.330000000000002,17.383666666666667,-392.61633333333333,-10.332008771929825,43,5
2026-05-25,LOC-06,17.0,31.93529411764705,235.38,218.0,25.26,19.90633333333333,-198.09366666666668,-5.212991228070176,43,5
2026-05-25,LOC-07,17.0,42.21764705882352,239.45999999999998,254.0,12.15,26.31566666666667,-227.68433333333334,-5.991692982456141,43,5
2026-05-25,LOC-08,16.0,30.237500000000004,421.61999999999995,382.0,48.22,17.739333333333338,-364.2606666666667,-9.58580701754386,43,5
2026-05-25,LOC-09,8.0,23.75,327.18,334.0,17.68,6.966666666666667,-327.03333333333336,-8.606140350877194,43,5
2026-05-25,LOC-10,16.0,39.28461538461538,265.68,250.0,48.82,23.046974358974357,-226.95302564102565,-5.972448043184886,43,5
2026-06-01,LOC-01,15.0,32.05357142857142,95.53999999999999,70.0,25.54,17.629464285714285,-52.370535714285715,-1.378171992481203,44,6
2026-06-01,LOC-02,20.0,50.92105263157894,276.81,256.0,39.05,37.34210526315789,-218.6578947368421,-5.75415512465374,44,6
2026-06-01,LOC-03,16.0,50.66428571428572,300.19,350.0,10.28,29.723047619047623,-320.27695238095237,-8.428340852130326,44,6
2026-06-01,LOC-04,15.0,32.88,169.17000000000002,182.0,20.75,18.084000000000003,-163.916,-4.313578947368421,44,6
2026-06-01,LOC-05,15.0,35.233333333333334,373.25,434.0,19.810000000000002,19.378333333333334,-414.62166666666667,-10.91109649122807,44,6
2026-06-01,LOC-06,12.0,39.541666666666664,252.73,218.0,34.730000000000004,17.398333333333333,-200.60166666666666,-5.278991228070176,44,6
2026-06-01,LOC-07,14.0,24.942857142857143,244.04999999999998,254.0,21.71,12.804,-241.196,-6.347263157894737,44,6
2026-06-01,LOC-08,20.0,36.1235294117647,409.40000000000003,382.0,43.589999999999996,26.490588235294116,-355.5094117647059,-9.355510835913313,44,6
2026-06-01,LOC-09,12.0,40.766666666666666,362.48999999999995,346.0,36.6,17.93733333333333,-328.06266666666664,-8.633228070175438,44,6
2026-06-01,LOC-10,18.0,39.409375,208.03,212.0,21.009999999999998,26.0101875,-185.9898125,-4.89446875,44,6
2026-06-08,LOC-01,14.0,44.821428571428555,91.88000000000001,82.0,18.009999999999998,23.00833333333333,-58.991666666666674,-1.5524122807017546,45,6
2026-06-08,LOC-02,18.0,47.64999999999999,282.44,256.0,42.61,31.448999999999995,-224.55100000000002,-5.909236842105264,45,6
2026-06-08,LOC-03,15.0,33.20666666666666,307.7,330.0,16.81,18.263666666666666,-311.73633333333333,-8.203587719298246,45,6
2026-06-08,LOC-04,9.0,31.899999999999995,177.7,198.0,15.719999999999999,10.527,-187.473,-4.9335,45,6
2026-06-08,LOC-05,16.0,41.02692307692307,329.88,376.0,22.309999999999995,24.0691282051282,-351.9308717948718,-9.261338731443994,45,6
2026-06-08,LOC-06,16.0,40.28125,241.14,218.0,29.56,23.63166666666667,-194.36833333333334,-5.114956140350877,45,6
2026-06-08,LOC-07,21.0,37.9525,237.78000000000003,254.0,18.18,29.223425000000006,-224.77657499999998,-5.915173026315789,45,6
2026-06-08,LOC-08,18.0,38.188235294117646,429.7299999999999,382.0,57.41,25.20423529411765,-356.79576470588233,-9.389362229102167,45,6
2026-06-08,LOC-09,3.0,28.46666666666667,356.25,346.0,29.669999999999998,3.1313333333333335,-342.8686666666667,-9.022859649122807,45,6
2026-06-08,LOC-10,21.0,43.96842105263158,222.63,234.0,35.21,33.85568421052632,-200.1443157894737,-5.26695567867036,45,6
2026-06-15,LOC-01,18.0,42.00714285714285,97.51,82.0,20.2,27.72471428571429,-54.275285714285715,-1.428296992481203,46,6
2026-06-15,LOC-02,18.0,57.19444444444444,280.54,244.0,42.89,37.74833333333334,-206.25166666666667,-5.427675438596491,46,6
2026-06-15,LOC-03,13.0,31.58333333333333,301.17,350.0,16.439999999999998,15.054722222222221,-334.9452777777778,-8.81434941520468,46,6
2026-06-15,LOC-04,14.0,37.13076923076923,181.6,198.0,15.76,19.06046153846154,-178.93953846153846,-4.708935222672065,46,6
2026-06-15,LOC-05,19.0,40.4,366.46000000000004,414.0,17.900000000000002,28.145333333333333,-385.8546666666667,-10.154070175438596,46,6
2026-06-15,LOC-06,12.0,37.72727272727272,227.16,218.0,13.22,16.599999999999998,-201.4,-5.3,46,6
2026-06-15,LOC-07,23.0,31.39090909090909,256.39,254.0,32.690000000000005,26.473000000000003,-227.527,-5.987552631578947,46,6
2026-06-15,LOC-08,16.0,33.943749999999994,340.25000000000006,320.0,31.07,19.913666666666668,-300.08633333333336,-7.897008771929825,46,6
2026-06-15,LOC-09,17.0,33.85294117647059,322.76000000000005,330.0,20.11,21.10166666666667,-308.8983333333333,-8.128903508771929,46,6
2026-06-15,LOC-10,24.0,41.615909090909085,284.94,234.0,58.96000000000001,36.622,-197.378,-5.194157894736842,46,6
2026-06-22,LOC-01,11.0,52.92727272727273,90.89999999999999,82.0,19.37,21.34733333333334,-60.65266666666666,-1.5961228070175437,47,6
2026-06-22,LOC-02,10.0,53.370000000000005,301.28999999999996,256.0,49.07000000000001,19.569000000000006,-236.43099999999998,-6.221868421052631,47,6
2026-06-22,LOC-03,23.0,36.66190476190476,338.83,350.0,19.93,30.91820634920635,-319.08179365079366,-8.396889306599833,47,6
2026-06-22,LOC-04,19.0,34.03235294117648,163.56,198.0,11.67,23.709205882352947,-174.29079411764707,-4.586599845201238,47,6
2026-06-22,LOC-05,10.0,46.75,403.7,434.0,23.55,17.14166666666667,-416.85833333333335,-10.969956140350877,47,6
2026-06-22,LOC-06,17.0,41.73125,254.44,218.0,42.75,26.012479166666672,-191.98752083333332,-5.052303179824561,47,6
2026-06-22,LOC-07,20.0,46.94722222222222,222.59,224.0,23.99,34.427962962962965,-189.57203703703703,-4.988737816764132,47,6
2026-06-22,LOC-08,18.0,33.221875000000004,337.12,320.0,40.84,21.926437500000006,-298.0735625,-7.844041118421052,47,6
2026-06-22,LOC-09,10.0,46.940000000000005,350.13,330.0,37.330000000000005,17.211333333333336,-312.78866666666664,-8.231280701754386,47,6
2026-06-22,LOC-10,20.0,31.75,296.97,258.0,51.609999999999985,23.283333333333335,-234.71666666666667,-6.176754385964912,47,6
2026-06-29,LOC-01,15.0,41.12142857142857,82.64,70.0,18.89,22.616785714285708,-47.38321428571429,-1.2469266917293234,48,6
2026-06-29,LOC-02,19.0,46.83921568627451,290.8,256.0,46.629999999999995,32.63132026143791,-223.3686797385621,-5.878123151014792,48,6
2026-06-29,LOC-03,18.0,35.3,343.0,350.0,22.560000000000002,23.298000000000002,-326.702,-8.59742105263158,48,6
2026-06-29,LOC-04,15.0,55.415384615384625,184.67000000000002,198.0,22.36,30.478461538461545,-167.52153846153846,-4.408461538461538,48,6
2026-06-29,LOC-05,15.0,35.326666666666675,362.17,426.0,12.530000000000001,19.429666666666673,-406.57033333333334,-10.699219298245614,48,6
2026-06-29,LOC-06,16.0,46.64666666666667,226.33999999999997,218.0,22.72,27.366044444444448,-190.63395555555556,-5.016683040935672,48,6
2026-06-29,LOC-07,19.0,35.7125,212.63,254.0,24.38,24.879708333333333,-229.12029166666667,-6.029481359649123,48,6
2026-06-29,LOC-08,16.0,50.099999999999994,342.14000000000004,382.0,48.46,29.391999999999996,-352.608,-9.279157894736842,48,6
2026-06-29,LOC-09,19.0,32.263888888888886,302.15000000000003,346.0,17.26,22.477175925925923,-323.5228240740741,-8.513758528265107,48,6
2026-06-29,LOC-10,21.0,29.36315789473684,272.90999999999997,242.0,42.72,22.60963157894737,-219.39036842105264,-5.773430747922438,48,6
2026-07-06,LOC-01,19.0,37.70882352941176,101.79,82.0,24.46,26.270480392156863,-55.72951960784314,-1.4665663054695564,49,7
2026-07-06,LOC-02,17.0,47.209999999999994,289.03000000000003,256.0,43.82,29.427566666666667,-226.57243333333332,-5.962432456140351,49,7
2026-07-06,LOC-03,17.0,42.31333333333334,309.98,350.0,11.129999999999999,26.37531111111112,-323.6246888888889,-8.51643918128655,49,7
2026-07-06,LOC-04,11.0,54.81,194.66000000000003,198.0,23.189999999999998,22.106700000000004,-175.8933,-4.6287710526315795,49,7
2026-07-06,LOC-05,17.0,38.506249999999994,362.59000000000003,396.0,20.759999999999998,24.002229166666666,-371.99777083333333,-9.789415021929825,49,7
2026-07-06,LOC-06,24.0,33.27272727272728,224.49999999999997,218.0,22.68,29.28000000000001,-188.72,-4.9663157894736845,49,7
2026-07-06,LOC-07,27.0,38.59791666666667,238.71,254.0,19.67,38.211937500000005,-215.7880625,-5.67863322368421,49,7
2026-07-06,LOC-08,12.0,33.18,432.99,382.0,57.99999999999999,14.5992,-367.4008,-9.668442105263159,49,7
2026-07-06,LOC-09,12.0,40.12500000000001,325.94,346.0,22.180000000000003,17.655000000000005,-328.34499999999997,-8.640657894736842,49,7
2026-07-06,LOC-10,15.0,30.60666666666667,246.92000000000002,234.0,37.949999999999996,16.83366666666667,-217.16633333333334,-5.71490350877193,49,7
2026-07-13,LOC-01,18.0,38.44444444444445,104.2,82.0,26.020000000000003,25.37333333333334,-56.626666666666665,-1.4901754385964912,50,7
2026-07-13,LOC-02,14.0,44.84615384615384,302.71000000000004,256.0,50.769999999999996,23.021025641025645,-232.97897435897437,-6.131025641025642,50,7
2026-07-13,LOC-03,8.0,39.525,354.23,350.0,44.24,11.594,-338.406,-8.90542105263158,50,7
2026-07-13,LOC-04,18.0,38.74705882352941,187.32999999999998,198.0,14.73,25.57305882352941,-172.4269411764706,-4.537551083591332,50,7
2026-07-13,LOC-05,5.0,29.559999999999995,378.64,434.0,19.73,5.4193333333333324,-428.5806666666667,-11.278438596491227,50,7
2026-07-13,LOC-06,13.0,40.70769230769231,182.7,180.0,24.4,19.404000000000003,-160.596,-4.226210526315789,50,7
2026-07-13,LOC-07,20.0,39.763888888888886,248.97,254.0,24.93,29.160185185185185,-224.83981481481482,-5.9168372319688105,50,7
2026-07-13,LOC-08,18.0,38.58529411764706,405.95000000000005,382.0,37.760000000000005,25.46629411764706,-356.53370588235293,-9.382465944272445,50,7
2026-07-13,LOC-09,13.0,35.25000000000001,319.56000000000006,346.0,20.74,16.802500000000006,-329.1975,-8.663092105263157,50,7
2026-07-13,LOC-10,23.0,33.31315789473684,217.00000000000003,258.0,23.93,28.09409649122807,-229.90590350877193,-6.050155355493998,50,7
2026-07-20,LOC-01,16.0,36.11428571428572,99.48,82.0,20.6,21.187047619047625,-60.812952380952375,-1.6003408521303257,51,7
2026-07-20,LOC-02,12.0,42.550000000000004,276.76,256.0,35.18,18.722,-237.278,-6.2441578947368415,51,7
2026-07-20,LOC-03,19.0,36.30416666666667,330.23,326.0,29.95,25.291902777777782,-300.7080972222222,-7.913370979532163,51,7
2026-07-20,LOC-04,12.0,46.90909090909091,181.61,198.0,14.7,20.64,-177.36,-4.667368421052632,51,7
2026-07-20,LOC-05,14.0,36.88846153846154,407.88,434.0,26.38,18.936076923076925,-415.06392307692306,-10.922734817813765,51,7
2026-07-20,LOC-06,15.0,38.111538461538466,216.07999999999998,218.0,27.849999999999998,20.961346153846158,-197.03865384615384,-5.185227732793522,51,7
2026-07-20,LOC-07,15.0,38.73846153846153,234.57,254.0,10.91,21.306153846153844,-232.69384615384615,-6.123522267206478,51,7
2026-07-20,LOC-08,22.0,29.116666666666664,402.33000000000004,382.0,53.900000000000006,23.487444444444446,-358.51255555555554,-9.434540935672514,51,7
2026-07-20,LOC-09,13.0,36.715384615384615,343.07,346.0,24.36,17.501,-328.499,-8.64471052631579,51,7
2026-07-20,LOC-10,14.0,31.08333333333333,203.63,220.0,11.6,15.956111111111111,-204.0438888888889,-5.369576023391812,51,7
2026-07-27,LOC-01,16.0,28.788461538461533,85.5,82.0,20.0,16.889230769230767,-65.11076923076924,-1.7134412955465588,52,7
2026-07-27,LOC-02,15.0,46.18,207.3,256.0,18.28,25.399,-230.601,-6.068447368421053,52,7
2026-07-27,LOC-03,8.0,49.6125,229.9,350.0,6.01,14.552999999999999,-335.447,-8.827552631578948,52,7
2026-07-27,LOC-04,12.0,34.918181818181814,142.82999999999998,182.0,0.02,15.364,-166.636,-4.385157894736842,52,7
2026-07-27,LOC-05,7.0,42.699999999999996,278.01,410.0,0.1,10.959666666666667,-399.0403333333333,-10.501061403508771,52,7
2026-07-27,LOC-06,20.0,43.45789473684211,176.44,218.0,9.99,31.869122807017547,-186.13087719298244,-4.898180978762696,52,7
2026-07-27,LOC-07,16.0,39.17000000000001,184.79,224.0,14.850000000000001,22.97973333333334,-201.02026666666666,-5.29000701754386,52,7
2026-07-27,LOC-08,10.0,43.60999999999999,252.24999999999997,324.0,25.49,15.99033333333333,-308.00966666666665,-8.105517543859648,52,7
2026-07-27,LOC-09,12.0,36.50454545454546,251.33,322.0,0.02,16.062000000000005,-305.938,-8.051,52,7
2026-07-27,LOC-10,9.0,43.08888888888888,158.92,246.0,5.0200000000000005,14.219333333333333,-231.78066666666666,-6.099491228070176,52,7
