employee_id,pattern_type,specific_date,day_of_week,available_flag,earliest_start,latest_end,preferred_shift_type
EMP-00001,Recurring,,Monday,True,07:00,15:00,Night
EMP-00001,Recurring,,Tuesday,True,07:00,19:00,Night
EMP-00001,Recurring,,Wednesday,True,07:00,19:00,Night
EMP-00001,Recurring,,Thursday,False,,,
EMP-00001,Recurring,,Friday,True,07:00,19:00,Split
EMP-00001,Recurring,,Saturday,True,07:00,15:00,PM
EMP-00001,Recurring,,Sunday,False,,,
EMP-00002,Recurring,,Monday,True,07:00,17:00,AM
EMP-00002,Recurring,,Tuesday,True,07:00,15:00,PM
EMP-00002,Recurring,,Wednesday,True,07:00,15:00,AM
EMP-00002,Recurring,,Thursday,False,,,
EMP-00002,Recurring,,Friday,False,,,
EMP-00002,Recurring,,Saturday,False,,,
EMP-00002,Recurring,,Sunday,True,07:00,15:00,AM
EMP-00003,Recurring,,Monday,True,07:00,17:00,PM
EMP-00003,Recurring,,Tuesday,True,07:00,19:00,Night
EMP-00003,Recurring,,Wednesday,True,07:00,19:00,Night
EMP-00003,Recurring,,Thursday,True,07:00,19:00,PM
EMP-00003,Recurring,,Friday,False,,,
EMP-00003,Recurring,,Saturday,True,07:00,15:00,PM
EMP-00003,Recurring,,Sunday,False,,,
EMP-00004,Recurring,,Monday,False,,,
EMP-00004,Recurring,,Tuesday,False,,,
EMP-00004,Recurring,,Wednesday,True,07:00,21:00,PM
EMP-00004,Recurring,,Thursday,False,,,
EMP-00004,Recurring,,Friday,True,07:00,15:00,AM
EMP-00004,Recurring,,Saturday,True,07:00,15:00,Split
EMP-00004,Recurring,,Sunday,False,,,
EMP-00005,Recurring,,Monday,False,,,
EMP-00005,Recurring,,Tuesday,True,07:00,17:00,AM
EMP-00005,Recurring,,Wednesday,True,07:00,21:00,AM
EMP-00005,Recurring,,Thursday,False,,,
EMP-00005,Recurring,,Friday,False,,,
EMP-00005,Recurring,,Saturday,True,07:00,15:00,AM
EMP-00005,Recurring,,Sunday,True,07:00,17:00,Night
EMP-00006,Recurring,,Monday,True,07:00,19:00,Night
EMP-00006,Recurring,,Tuesday,False,,,
EMP-00006,Recurring,,Wednesday,False,,,
EMP-00006,Recurring,,Thursday,False,,,
EMP-00006,Recurring,,Friday,False,,,
EMP-00006,Recurring,,Saturday,True,07:00,21:00,Night
EMP-00006,Recurring,,Sunday,True,07:00,17:00,PM
EMP-00007,Recurring,,Monday,True,07:00,21:00,PM
EMP-00007,Recurring,,Tuesday,False,,,
EMP-00007,Recurring,,Wednesday,False,,,
EMP-00007,Recurring,,Thursday,False,,,
EMP-00007,Recurring,,Friday,True,07:00,17:00,AM
EMP-00007,Recurring,,Saturday,True,07:00,21:00,PM
EMP-00007,Recurring,,Sunday,True,07:00,21:00,Night
EMP-00008,Recurring,,Monday,False,,,
EMP-00008,Recurring,,Tuesday,False,,,
EMP-00008,Recurring,,Wednesday,False,,,
EMP-00008,Recurring,,Thursday,True,07:00,21:00,PM
EMP-00008,Recurring,,Friday,True,07:00,15:00,Split
EMP-00008,Recurring,,Saturday,False,,,
EMP-00008,Recurring,,Sunday,True,07:00,21:00,Night
EMP-00009,Recurring,,Monday,True,07:00,15:00,AM
EMP-00009,Recurring,,Tuesday,False,,,
EMP-00009,Recurring,,Wednesday,False,,,
EMP-00009,Recurring,,Thursday,True,07:00,17:00,PM
EMP-00009,Recurring,,Friday,True,07:00,15:00,PM
EMP-00009,Recurring,,Saturday,True,07:00,17:00,Night
EMP-00009,Recurring,,Sunday,False,,,
EMP-00010,Recurring,,Monday,False,,,
EMP-00010,Recurring,,Tuesday,True,07:00,19:00,Split
EMP-00010,Recurring,,Wednesday,False,,,
EMP-00010,Recurring,,Thursday,True,07:00,17:00,AM
EMP-00010,Recurring,,Friday,True,07:00,15:00,AM
EMP-00010,Recurring,,Saturday,False,,,
EMP-00010,Recurring,,Sunday,True,07:00,19:00,Night
EMP-00011,Recurring,,Monday,True,07:00,17:00,PM
EMP-00011,Recurring,,Tuesday,False,,,
EMP-00011,Recurring,,Wednesday,True,07:00,21:00,AM
EMP-00011,Recurring,,Thursday,False,,,
EMP-00011,Recurring,,Friday,True,07:00,19:00,AM
EMP-00011,Recurring,,Saturday,True,07:00,21:00,AM
EMP-00011,Recurring,,Sunday,False,,,
EMP-00012,Recurring,,Monday,False,,,
EMP-00012,Recurring,,Tuesday,True,07:00,19:00,Night
EMP-00012,Recurring,,Wednesday,False,,,
EMP-00012,Recurring,,Thursday,True,07:00,21:00,PM
EMP-00012,Recurring,,Friday,False,,,
EMP-00012,Recurring,,Saturday,True,07:00,19:00,Night
EMP-00012,Recurring,,Sunday,False,,,
EMP-00013,Recurring,,Monday,False,,,
EMP-00013,Recurring,,Tuesday,False,,,
EMP-00013,Recurring,,Wednesday,True,07:00,17:00,Night
EMP-00013,Recurring,,Thursday,True,07:00,21:00,Night
EMP-00013,Recurring,,Friday,False,,,
EMP-00013,Recurring,,Saturday,True,07:00,15:00,PM
EMP-00013,Recurring,,Sunday,False,,,
EMP-00014,Recurring,,Monday,True,07:00,15:00,Split
EMP-00014,Recurring,,Tuesday,True,07:00,19:00,AM
EMP-00014,Recurring,,Wednesday,True,07:00,21:00,Split
EMP-00014,Recurring,,Thursday,True,07:00,15:00,AM
EMP-00014,Recurring,,Friday,True,07:00,17:00,Night
EMP-00014,Recurring,,Saturday,False,,,
EMP-00014,Recurring,,Sunday,False,,,
EMP-00015,Recurring,,Monday,True,07:00,15:00,PM
EMP-00015,Recurring,,Tuesday,True,07:00,15:00,Split
EMP-00015,Recurring,,Wednesday,True,07:00,17:00,Split
EMP-00015,Recurring,,Thursday,True,07:00,19:00,Night
EMP-00015,Recurring,,Friday,False,,,
EMP-00015,Recurring,,Saturday,False,,,
EMP-00015,Recurring,,Sunday,True,07:00,19:00,AM
EMP-00016,Recurring,,Monday,False,,,
EMP-00016,Recurring,,Tuesday,False,,,
EMP-00016,Recurring,,Wednesday,True,07:00,15:00,PM
EMP-00016,Recurring,,Thursday,True,07:00,21:00,AM
EMP-00016,Recurring,,Friday,True,07:00,17:00,Night
EMP-00016,Recurring,,Saturday,False,,,
EMP-00016,Recurring,,Sunday,True,07:00,15:00,Split
EMP-00017,Recurring,,Monday,True,07:00,19:00,AM
EMP-00017,Recurring,,Tuesday,True,07:00,15:00,Night
EMP-00017,Recurring,,Wednesday,False,,,
EMP-00017,Recurring,,Thursday,False,,,
EMP-00017,Recurring,,Friday,True,07:00,17:00,Night
EMP-00017,Recurring,,Saturday,False,,,
EMP-00017,Recurring,,Sunday,True,07:00,21:00,AM
EMP-00018,Recurring,,Monday,False,,,
EMP-00018,Recurring,,Tuesday,False,,,
EMP-00018,Recurring,,Wednesday,True,07:00,21:00,Split
EMP-00018,Recurring,,Thursday,True,07:00,17:00,Night
EMP-00018,Recurring,,Friday,False,,,
EMP-00018,Recurring,,Saturday,True,07:00,17:00,PM
EMP-00018,Recurring,,Sunday,True,07:00,21:00,Night
EMP-00019,Recurring,,Monday,True,07:00,17:00,PM
EMP-00019,Recurring,,Tuesday,False,,,
EMP-00019,Recurring,,Wednesday,False,,,
EMP-00019,Recurring,,Thursday,True,07:00,19:00,AM
EMP-00019,Recurring,,Friday,True,07:00,17:00,Night
EMP-00019,Recurring,,Saturday,True,07:00,15:00,Split
EMP-00019,Recurring,,Sunday,True,07:00,19:00,AM
EMP-00020,Recurring,,Monday,False,,,
EMP-00020,Recurring,,Tuesday,True,07:00,17:00,Night
EMP-00020,Recurring,,Wednesday,False,,,
EMP-00020,Recurring,,Thursday,False,,,
EMP-00020,Recurring,,Friday,True,07:00,15:00,PM
EMP-00020,Recurring,,Saturday,False,,,
EMP-00020,Recurring,,Sunday,True,07:00,17:00,AM
EMP-00021,Recurring,,Monday,True,07:00,17:00,Split
EMP-00021,Recurring,,Tuesday,False,,,
EMP-00021,Recurring,,Wednesday,True,07:00,19:00,Night
EMP-00021,Recurring,,Thursday,True,07:00,15:00,Night
EMP-00021,Recurring,,Friday,False,,,
EMP-00021,Recurring,,Saturday,False,,,
EMP-00021,Recurring,,Sunday,True,07:00,21:00,Split
EMP-00022,Recurring,,Monday,True,07:00,17:00,PM
EMP-00022,Recurring,,Tuesday,True,07:00,17:00,AM
EMP-00022,Recurring,,Wednesday,False,,,
EMP-00022,Recurring,,Thursday,True,07:00,19:00,Night
EMP-00022,Recurring,,Friday,False,,,
EMP-00022,Recurring,,Saturday,True,07:00,17:00,PM
EMP-00022,Recurring,,Sunday,False,,,
EMP-00023,Recurring,,Monday,True,07:00,15:00,Night
EMP-00023,Recurring,,Tuesday,False,,,
EMP-00023,Recurring,,Wednesday,True,07:00,19:00,Split
EMP-00023,Recurring,,Thursday,True,07:00,17:00,PM
EMP-00023,Recurring,,Friday,True,07:00,21:00,Split
EMP-00023,Recurring,,Saturday,True,07:00,15:00,Night
EMP-00023,Recurring,,Sunday,False,,,
EMP-00024,Recurring,,Monday,True,07:00,17:00,Split
EMP-00024,Recurring,,Tuesday,True,07:00,15:00,Split
EMP-00024,Recurring,,Wednesday,True,07:00,15:00,AM
EMP-00024,Recurring,,Thursday,False,,,
EMP-00024,Recurring,,Friday,False,,,
EMP-00024,Recurring,,Saturday,True,07:00,15:00,Split
EMP-00024,Recurring,,Sunday,True,07:00,17:00,PM
EMP-00025,Recurring,,Monday,True,07:00,15:00,Split
EMP-00025,Recurring,,Tuesday,True,07:00,15:00,Night
EMP-00025,Recurring,,Wednesday,True,07:00,17:00,PM
EMP-00025,Recurring,,Thursday,True,07:00,17:00,PM
EMP-00025,Recurring,,Friday,False,,,
EMP-00025,Recurring,,Saturday,False,,,
EMP-00025,Recurring,,Sunday,False,,,
EMP-00026,Recurring,,Monday,False,,,
EMP-00026,Recurring,,Tuesday,False,,,
EMP-00026,Recurring,,Wednesday,True,07:00,17:00,Night
EMP-00026,Recurring,,Thursday,True,07:00,19:00,PM
EMP-00026,Recurring,,Friday,True,07:00,21:00,Split
EMP-00026,Recurring,,Saturday,True,07:00,17:00,Split
EMP-00026,Recurring,,Sunday,True,07:00,15:00,Split
EMP-00027,Recurring,,Monday,False,,,
EMP-00027,Recurring,,Tuesday,True,07:00,15:00,Split
EMP-00027,Recurring,,Wednesday,True,07:00,21:00,Night
EMP-00027,Recurring,,Thursday,True,07:00,19:00,Night
EMP-00027,Recurring,,Friday,False,,,
EMP-00027,Recurring,,Saturday,False,,,
EMP-00027,Recurring,,Sunday,False,,,
EMP-00028,Recurring,,Monday,False,,,
EMP-00028,Recurring,,Tuesday,True,07:00,21:00,AM
EMP-00028,Recurring,,Wednesday,False,,,
EMP-00028,Recurring,,Thursday,True,07:00,19:00,PM
EMP-00028,Recurring,,Friday,True,07:00,17:00,Night
EMP-00028,Recurring,,Saturday,False,,,
EMP-00028,Recurring,,Sunday,False,,,
EMP-00029,Recurring,,Monday,True,07:00,15:00,Night
EMP-00029,Recurring,,Tuesday,False,,,
EMP-00029,Recurring,,Wednesday,False,,,
EMP-00029,Recurring,,Thursday,True,07:00,19:00,Split
EMP-00029,Recurring,,Friday,True,07:00,17:00,PM
EMP-00029,Recurring,,Saturday,True,07:00,17:00,Split
EMP-00029,Recurring,,Sunday,True,07:00,21:00,PM
EMP-00030,Recurring,,Monday,True,07:00,19:00,PM
EMP-00030,Recurring,,Tuesday,True,07:00,17:00,Split
EMP-00030,Recurring,,Wednesday,False,,,
EMP-00030,Recurring,,Thursday,True,07:00,19:00,Night
EMP-00030,Recurring,,Friday,True,07:00,17:00,PM
EMP-00030,Recurring,,Saturday,True,07:00,19:00,Split
EMP-00030,Recurring,,Sunday,False,,,
EMP-00031,Recurring,,Monday,True,07:00,21:00,Split
EMP-00031,Recurring,,Tuesday,True,07:00,21:00,Night
EMP-00031,Recurring,,Wednesday,True,07:00,21:00,AM
EMP-00031,Recurring,,Thursday,False,,,
EMP-00031,Recurring,,Friday,False,,,
EMP-00031,Recurring,,Saturday,True,07:00,15:00,Night
EMP-00031,Recurring,,Sunday,False,,,
EMP-00032,Recurring,,Monday,False,,,
EMP-00032,Recurring,,Tuesday,False,,,
EMP-00032,Recurring,,Wednesday,True,07:00,21:00,Night
EMP-00032,Recurring,,Thursday,True,07:00,21:00,PM
EMP-00032,Recurring,,Friday,True,07:00,19:00,AM
EMP-00032,Recurring,,Saturday,True,07:00,21:00,AM
EMP-00032,Recurring,,Sunday,True,07:00,17:00,Split
EMP-00033,Recurring,,Monday,True,07:00,19:00,Night
EMP-00033,Recurring,,Tuesday,True,07:00,17:00,Split
EMP-00033,Recurring,,Wednesday,False,,,
EMP-00033,Recurring,,Thursday,True,07:00,19:00,AM
EMP-00033,Recurring,,Friday,False,,,
EMP-00033,Recurring,,Saturday,True,07:00,19:00,Night
EMP-00033,Recurring,,Sunday,True,07:00,21:00,AM
EMP-00034,Recurring,,Monday,False,,,
EMP-00034,Recurring,,Tuesday,True,07:00,19:00,Split
EMP-00034,Recurring,,Wednesday,True,07:00,17:00,AM
EMP-00034,Recurring,,Thursday,False,,,
EMP-00034,Recurring,,Friday,False,,,
EMP-00034,Recurring,,Saturday,False,,,
EMP-00034,Recurring,,Sunday,True,07:00,15:00,PM
EMP-00035,Recurring,,Monday,False,,,
EMP-00035,Recurring,,Tuesday,True,07:00,15:00,Split
EMP-00035,Recurring,,Wednesday,True,07:00,17:00,Split
EMP-00035,Recurring,,Thursday,False,,,
EMP-00035,Recurring,,Friday,False,,,
EMP-00035,Recurring,,Saturday,True,07:00,19:00,Night
EMP-00035,Recurring,,Sunday,True,07:00,17:00,PM
EMP-00036,Recurring,,Monday,False,,,
EMP-00036,Recurring,,Tuesday,True,07:00,21:00,PM
EMP-00036,Recurring,,Wednesday,True,07:00,19:00,Split
EMP-00036,Recurring,,Thursday,False,,,
EMP-00036,Recurring,,Friday,False,,,
EMP-00036,Recurring,,Saturday,False,,,
EMP-00036,Recurring,,Sunday,True,07:00,19:00,Night
EMP-00037,Recurring,,Monday,False,,,
EMP-00037,Recurring,,Tuesday,False,,,
EMP-00037,Recurring,,Wednesday,True,07:00,21:00,AM
EMP-00037,Recurring,,Thursday,False,,,
EMP-00037,Recurring,,Friday,True,07:00,17:00,Split
EMP-00037,Recurring,,Saturday,True,07:00,17:00,Split
EMP-00037,Recurring,,Sunday,True,07:00,21:00,Split
EMP-00038,Recurring,,Monday,False,,,
EMP-00038,Recurring,,Tuesday,False,,,
EMP-00038,Recurring,,Wednesday,True,07:00,15:00,Split
EMP-00038,Recurring,,Thursday,True,07:00,21:00,AM
EMP-00038,Recurring,,Friday,False,,,
EMP-00038,Recurring,,Saturday,True,07:00,15:00,PM
EMP-00038,Recurring,,Sunday,False,,,
EMP-00039,Recurring,,Monday,False,,,
EMP-00039,Recurring,,Tuesday,True,07:00,19:00,Night
EMP-00039,Recurring,,Wednesday,True,07:00,15:00,AM
EMP-00039,Recurring,,Thursday,True,07:00,15:00,Split
EMP-00039,Recurring,,Friday,True,07:00,19:00,Split
EMP-00039,Recurring,,Saturday,True,07:00,19:00,PM
EMP-00039,Recurring,,Sunday,False,,,
EMP-00040,Recurring,,Monday,False,,,
EMP-00040,Recurring,,Tuesday,True,07:00,15:00,PM
EMP-00040,Recurring,,Wednesday,True,07:00,19:00,Split
EMP-00040,Recurring,,Thursday,False,,,
EMP-00040,Recurring,,Friday,False,,,
EMP-00040,Recurring,,Saturday,True,07:00,17:00,PM
EMP-00040,Recurring,,Sunday,True,07:00,17:00,Split
EMP-00041,Recurring,,Monday,False,,,
EMP-00041,Recurring,,Tuesday,True,07:00,17:00,AM
EMP-00041,Recurring,,Wednesday,False,,,
EMP-00041,Recurring,,Thursday,False,,,
EMP-00041,Recurring,,Friday,False,,,
EMP-00041,Recurring,,Saturday,True,07:00,17:00,Split
EMP-00041,Recurring,,Sunday,True,07:00,19:00,Split
EMP-00042,Recurring,,Monday,False,,,
EMP-00042,Recurring,,Tuesday,True,07:00,15:00,Night
EMP-00042,Recurring,,Wednesday,True,07:00,21:00,AM
EMP-00042,Recurring,,Thursday,True,07:00,17:00,Split
EMP-00042,Recurring,,Friday,True,07:00,21:00,AM
EMP-00042,Recurring,,Saturday,True,07:00,19:00,AM
EMP-00042,Recurring,,Sunday,False,,,
EMP-00043,Recurring,,Monday,False,,,
EMP-00043,Recurring,,Tuesday,True,07:00,17:00,Night
EMP-00043,Recurring,,Wednesday,False,,,
EMP-00043,Recurring,,Thursday,True,07:00,17:00,PM
EMP-00043,Recurring,,Friday,False,,,
EMP-00043,Recurring,,Saturday,False,,,
EMP-00043,Recurring,,Sunday,True,07:00,19:00,Night
EMP-00044,Recurring,,Monday,False,,,
EMP-00044,Recurring,,Tuesday,False,,,
EMP-00044,Recurring,,Wednesday,False,,,
EMP-00044,Recurring,,Thursday,False,,,
EMP-00044,Recurring,,Friday,True,07:00,17:00,PM
EMP-00044,Recurring,,Saturday,True,07:00,17:00,AM
EMP-00044,Recurring,,Sunday,True,07:00,21:00,PM
EMP-00045,Recurring,,Monday,False,,,
EMP-00045,Recurring,,Tuesday,False,,,
EMP-00045,Recurring,,Wednesday,False,,,
EMP-00045,Recurring,,Thursday,True,07:00,19:00,PM
EMP-00045,Recurring,,Friday,True,07:00,15:00,Split
EMP-00045,Recurring,,Saturday,False,,,
EMP-00045,Recurring,,Sunday,True,07:00,17:00,Night
EMP-00046,Recurring,,Monday,False,,,
EMP-00046,Recurring,,Tuesday,True,07:00,15:00,AM
EMP-00046,Recurring,,Wednesday,True,07:00,15:00,AM
EMP-00046,Recurring,,Thursday,True,07:00,21:00,Split
EMP-00046,Recurring,,Friday,False,,,
EMP-00046,Recurring,,Saturday,True,07:00,19:00,Night
EMP-00046,Recurring,,Sunday,False,,,
EMP-00047,Recurring,,Monday,True,07:00,17:00,Split
EMP-00047,Recurring,,Tuesday,True,07:00,19:00,Night
EMP-00047,Recurring,,Wednesday,True,07:00,19:00,PM
EMP-00047,Recurring,,Thursday,True,07:00,19:00,AM
EMP-00047,Recurring,,Friday,False,,,
EMP-00047,Recurring,,Saturday,True,07:00,15:00,Split
EMP-00047,Recurring,,Sunday,False,,,
EMP-00048,Recurring,,Monday,True,07:00,15:00,PM
EMP-00048,Recurring,,Tuesday,False,,,
EMP-00048,Recurring,,Wednesday,True,07:00,17:00,AM
EMP-00048,Recurring,,Thursday,False,,,
EMP-00048,Recurring,,Friday,True,07:00,17:00,Split
EMP-00048,Recurring,,Saturday,True,07:00,21:00,PM
EMP-00048,Recurring,,Sunday,False,,,
EMP-00049,Recurring,,Monday,True,07:00,19:00,AM
EMP-00049,Recurring,,Tuesday,True,07:00,21:00,PM
EMP-00049,Recurring,,Wednesday,False,,,
EMP-00049,Recurring,,Thursday,True,07:00,19:00,Split
EMP-00049,Recurring,,Friday,False,,,
EMP-00049,Recurring,,Saturday,True,07:00,19:00,AM
EMP-00049,Recurring,,Sunday,True,07:00,15:00,AM
EMP-00050,Recurring,,Monday,False,,,
EMP-00050,Recurring,,Tuesday,True,07:00,17:00,AM
EMP-00050,Recurring,,Wednesday,True,07:00,17:00,AM
EMP-00050,Recurring,,Thursday,False,,,
EMP-00050,Recurring,,Friday,True,07:00,21:00,PM
EMP-00050,Recurring,,Saturday,True,07:00,15:00,Night
EMP-00050,Recurring,,Sunday,True,07:00,21:00,PM
EMP-00051,Recurring,,Monday,True,07:00,17:00,PM
EMP-00051,Recurring,,Tuesday,True,07:00,21:00,Night
EMP-00051,Recurring,,Wednesday,True,07:00,17:00,PM
EMP-00051,Recurring,,Thursday,False,,,
EMP-00051,Recurring,,Friday,True,07:00,21:00,AM
EMP-00051,Recurring,,Saturday,False,,,
EMP-00051,Recurring,,Sunday,True,07:00,15:00,Night
EMP-00052,Recurring,,Monday,True,07:00,15:00,AM
EMP-00052,Recurring,,Tuesday,False,,,
EMP-00052,Recurring,,Wednesday,True,07:00,21:00,AM
EMP-00052,Recurring,,Thursday,False,,,
EMP-00052,Recurring,,Friday,False,,,
EMP-00052,Recurring,,Saturday,True,07:00,19:00,PM
EMP-00052,Recurring,,Sunday,False,,,
EMP-00053,Recurring,,Monday,False,,,
EMP-00053,Recurring,,Tuesday,False,,,
EMP-00053,Recurring,,Wednesday,True,07:00,15:00,Night
EMP-00053,Recurring,,Thursday,True,07:00,19:00,AM
EMP-00053,Recurring,,Friday,True,07:00,21:00,Night
EMP-00053,Recurring,,Saturday,True,07:00,15:00,Split
EMP-00053,Recurring,,Sunday,False,,,
EMP-00054,Recurring,,Monday,True,07:00,19:00,Split
EMP-00054,Recurring,,Tuesday,True,07:00,15:00,AM
EMP-00054,Recurring,,Wednesday,False,,,
EMP-00054,Recurring,,Thursday,True,07:00,17:00,Night
EMP-00054,Recurring,,Friday,True,07:00,21:00,Night
EMP-00054,Recurring,,Saturday,True,07:00,19:00,AM
EMP-00054,Recurring,,Sunday,False,,,
EMP-00055,Recurring,,Monday,True,07:00,21:00,PM
EMP-00055,Recurring,,Tuesday,False,,,
EMP-00055,Recurring,,Wednesday,True,07:00,21:00,Night
EMP-00055,Recurring,,Thursday,True,07:00,19:00,Split
EMP-00055,Recurring,,Friday,False,,,
EMP-00055,Recurring,,Saturday,False,,,
EMP-00055,Recurring,,Sunday,False,,,
EMP-00056,Recurring,,Monday,False,,,
EMP-00056,Recurring,,Tuesday,False,,,
EMP-00056,Recurring,,Wednesday,False,,,
EMP-00056,Recurring,,Thursday,True,07:00,21:00,Split
EMP-00056,Recurring,,Friday,False,,,
EMP-00056,Recurring,,Saturday,True,07:00,21:00,Split
EMP-00056,Recurring,,Sunday,True,07:00,17:00,Night
EMP-00057,Recurring,,Monday,False,,,
EMP-00057,Recurring,,Tuesday,False,,,
EMP-00057,Recurring,,Wednesday,False,,,
EMP-00057,Recurring,,Thursday,True,07:00,19:00,Night
EMP-00057,Recurring,,Friday,True,07:00,19:00,Split
EMP-00057,Recurring,,Saturday,True,07:00,15:00,PM
EMP-00057,Recurring,,Sunday,True,07:00,19:00,Split
EMP-00058,Recurring,,Monday,False,,,
EMP-00058,Recurring,,Tuesday,True,07:00,19:00,Split
EMP-00058,Recurring,,Wednesday,True,07:00,15:00,Split
EMP-00058,Recurring,,Thursday,True,07:00,17:00,Night
EMP-00058,Recurring,,Friday,True,07:00,19:00,Night
EMP-00058,Recurring,,Saturday,True,07:00,21:00,AM
EMP-00058,Recurring,,Sunday,False,,,
EMP-00059,Recurring,,Monday,True,07:00,19:00,AM
EMP-00059,Recurring,,Tuesday,True,07:00,17:00,AM
EMP-00059,Recurring,,Wednesday,True,07:00,15:00,Split
EMP-00059,Recurring,,Thursday,False,,,
EMP-00059,Recurring,,Friday,False,,,
EMP-00059,Recurring,,Saturday,True,07:00,21:00,Night
EMP-00059,Recurring,,Sunday,True,07:00,15:00,AM
EMP-00060,Recurring,,Monday,False,,,
EMP-00060,Recurring,,Tuesday,True,07:00,21:00,PM
EMP-00060,Recurring,,Wednesday,False,,,
EMP-00060,Recurring,,Thursday,True,07:00,19:00,AM
EMP-00060,Recurring,,Friday,False,,,
EMP-00060,Recurring,,Saturday,False,,,
EMP-00060,Recurring,,Sunday,True,07:00,21:00,AM
EMP-00061,Recurring,,Monday,True,07:00,17:00,PM
EMP-00061,Recurring,,Tuesday,True,07:00,17:00,PM
EMP-00061,Recurring,,Wednesday,True,07:00,15:00,Split
EMP-00061,Recurring,,Thursday,True,07:00,15:00,AM
EMP-00061,Recurring,,Friday,False,,,
EMP-00061,Recurring,,Saturday,True,07:00,15:00,Split
EMP-00061,Recurring,,Sunday,False,,,
EMP-00062,Recurring,,Monday,True,07:00,17:00,Split
EMP-00062,Recurring,,Tuesday,True,07:00,21:00,Night
EMP-00062,Recurring,,Wednesday,True,07:00,15:00,PM
EMP-00062,Recurring,,Thursday,False,,,
EMP-00062,Recurring,,Friday,False,,,
EMP-00062,Recurring,,Saturday,False,,,
EMP-00062,Recurring,,Sunday,True,07:00,15:00,Night
EMP-00063,Recurring,,Monday,False,,,
EMP-00063,Recurring,,Tuesday,False,,,
EMP-00063,Recurring,,Wednesday,False,,,
EMP-00063,Recurring,,Thursday,True,07:00,17:00,Night
EMP-00063,Recurring,,Friday,False,,,
EMP-00063,Recurring,,Saturday,True,07:00,19:00,Split
EMP-00063,Recurring,,Sunday,True,07:00,17:00,Split
EMP-00064,Recurring,,Monday,False,,,
EMP-00064,Recurring,,Tuesday,True,07:00,15:00,Split
EMP-00064,Recurring,,Wednesday,True,07:00,19:00,AM
EMP-00064,Recurring,,Thursday,False,,,
EMP-00064,Recurring,,Friday,True,07:00,17:00,Split
EMP-00064,Recurring,,Saturday,False,,,
EMP-00064,Recurring,,Sunday,True,07:00,17:00,Split
EMP-00065,Recurring,,Monday,True,07:00,19:00,AM
EMP-00065,Recurring,,Tuesday,True,07:00,21:00,PM
EMP-00065,Recurring,,Wednesday,False,,,
EMP-00065,Recurring,,Thursday,True,07:00,19:00,Night
EMP-00065,Recurring,,Friday,True,07:00,15:00,AM
EMP-00065,Recurring,,Saturday,False,,,
EMP-00065,Recurring,,Sunday,False,,,
EMP-00066,Recurring,,Monday,True,07:00,19:00,Night
EMP-00066,Recurring,,Tuesday,True,07:00,17:00,Split
EMP-00066,Recurring,,Wednesday,False,,,
EMP-00066,Recurring,,Thursday,True,07:00,19:00,PM
EMP-00066,Recurring,,Friday,True,07:00,15:00,PM
EMP-00066,Recurring,,Saturday,True,07:00,15:00,AM
EMP-00066,Recurring,,Sunday,False,,,
EMP-00067,Recurring,,Monday,True,07:00,17:00,AM
EMP-00067,Recurring,,Tuesday,True,07:00,15:00,AM
EMP-00067,Recurring,,Wednesday,True,07:00,17:00,Night
EMP-00067,Recurring,,Thursday,False,,,
EMP-00067,Recurring,,Friday,False,,,
EMP-00067,Recurring,,Saturday,False,,,
EMP-00067,Recurring,,Sunday,False,,,
EMP-00068,Recurring,,Monday,False,,,
EMP-00068,Recurring,,Tuesday,True,07:00,21:00,Night
EMP-00068,Recurring,,Wednesday,True,07:00,15:00,AM
EMP-00068,Recurring,,Thursday,False,,,
EMP-00068,Recurring,,Friday,True,07:00,19:00,PM
EMP-00068,Recurring,,Saturday,True,07:00,17:00,PM
EMP-00068,Recurring,,Sunday,True,07:00,21:00,PM
EMP-00069,Recurring,,Monday,True,07:00,19:00,Split
EMP-00069,Recurring,,Tuesday,True,07:00,17:00,Night
EMP-00069,Recurring,,Wednesday,False,,,
EMP-00069,Recurring,,Thursday,False,,,
EMP-00069,Recurring,,Friday,True,07:00,15:00,Night
EMP-00069,Recurring,,Saturday,False,,,
EMP-00069,Recurring,,Sunday,False,,,
EMP-00070,Recurring,,Monday,True,07:00,15:00,PM
EMP-00070,Recurring,,Tuesday,False,,,
EMP-00070,Recurring,,Wednesday,True,07:00,21:00,Split
EMP-00070,Recurring,,Thursday,False,,,
EMP-00070,Recurring,,Friday,True,07:00,19:00,Night
EMP-00070,Recurring,,Saturday,False,,,
EMP-00070,Recurring,,Sunday,True,07:00,19:00,PM
EMP-00071,Recurring,,Monday,False,,,
EMP-00071,Recurring,,Tuesday,False,,,
EMP-00071,Recurring,,Wednesday,True,07:00,15:00,PM
EMP-00071,Recurring,,Thursday,True,07:00,19:00,Night
EMP-00071,Recurring,,Friday,False,,,
EMP-00071,Recurring,,Saturday,True,07:00,21:00,AM
EMP-00071,Recurring,,Sunday,True,07:00,21:00,Split
EMP-00072,Recurring,,Monday,False,,,
EMP-00072,Recurring,,Tuesday,True,07:00,15:00,Night
EMP-00072,Recurring,,Wednesday,False,,,
EMP-00072,Recurring,,Thursday,False,,,
EMP-00072,Recurring,,Friday,True,07:00,15:00,Split
EMP-00072,Recurring,,Saturday,True,07:00,21:00,Night
EMP-00072,Recurring,,Sunday,True,07:00,17:00,Night
EMP-00073,Recurring,,Monday,True,07:00,19:00,PM
EMP-00073,Recurring,,Tuesday,True,07:00,21:00,PM
EMP-00073,Recurring,,Wednesday,True,07:00,21:00,PM
EMP-00073,Recurring,,Thursday,False,,,
EMP-00073,Recurring,,Friday,True,07:00,17:00,Night
EMP-00073,Recurring,,Saturday,False,,,
EMP-00073,Recurring,,Sunday,False,,,
EMP-00074,Recurring,,Monday,False,,,
EMP-00074,Recurring,,Tuesday,True,07:00,19:00,Night
EMP-00074,Recurring,,Wednesday,True,07:00,17:00,AM
EMP-00074,Recurring,,Thursday,False,,,
EMP-00074,Recurring,,Friday,False,,,
EMP-00074,Recurring,,Saturday,True,07:00,15:00,PM
EMP-00074,Recurring,,Sunday,False,,,
EMP-00075,Recurring,,Monday,True,07:00,17:00,Night
EMP-00075,Recurring,,Tuesday,False,,,
EMP-00075,Recurring,,Wednesday,True,07:00,15:00,PM
EMP-00075,Recurring,,Thursday,True,07:00,15:00,Night
EMP-00075,Recurring,,Friday,True,07:00,19:00,PM
EMP-00075,Recurring,,Saturday,True,07:00,15:00,PM
EMP-00075,Recurring,,Sunday,False,,,
EMP-00076,Recurring,,Monday,True,07:00,15:00,AM
EMP-00076,Recurring,,Tuesday,False,,,
EMP-00076,Recurring,,Wednesday,False,,,
EMP-00076,Recurring,,Thursday,True,07:00,15:00,Split
EMP-00076,Recurring,,Friday,True,07:00,15:00,AM
EMP-00076,Recurring,,Saturday,True,07:00,21:00,PM
EMP-00076,Recurring,,Sunday,True,07:00,17:00,Night
EMP-00077,Recurring,,Monday,False,,,
EMP-00077,Recurring,,Tuesday,False,,,
EMP-00077,Recurring,,Wednesday,True,07:00,15:00,AM
EMP-00077,Recurring,,Thursday,True,07:00,19:00,Split
EMP-00077,Recurring,,Friday,True,07:00,15:00,Split
EMP-00077,Recurring,,Saturday,False,,,
EMP-00077,Recurring,,Sunday,True,07:00,21:00,Split
EMP-00078,Recurring,,Monday,True,07:00,19:00,Night
EMP-00078,Recurring,,Tuesday,True,07:00,21:00,Split
EMP-00078,Recurring,,Wednesday,True,07:00,21:00,Night
EMP-00078,Recurring,,Thursday,False,,,
EMP-00078,Recurring,,Friday,False,,,
EMP-00078,Recurring,,Saturday,True,07:00,19:00,PM
EMP-00078,Recurring,,Sunday,False,,,
EMP-00079,Recurring,,Monday,True,07:00,17:00,AM
EMP-00079,Recurring,,Tuesday,False,,,
EMP-00079,Recurring,,Wednesday,True,07:00,19:00,Split
EMP-00079,Recurring,,Thursday,False,,,
EMP-00079,Recurring,,Friday,False,,,
EMP-00079,Recurring,,Saturday,True,07:00,21:00,Night
EMP-00079,Recurring,,Sunday,False,,,
EMP-00080,Recurring,,Monday,True,07:00,15:00,Split
EMP-00080,Recurring,,Tuesday,False,,,
EMP-00080,Recurring,,Wednesday,True,07:00,17:00,Split
EMP-00080,Recurring,,Thursday,False,,,
EMP-00080,Recurring,,Friday,False,,,
EMP-00080,Recurring,,Saturday,False,,,
EMP-00080,Recurring,,Sunday,True,07:00,19:00,Night
EMP-00081,Recurring,,Monday,True,07:00,19:00,PM
EMP-00081,Recurring,,Tuesday,False,,,
EMP-00081,Recurring,,Wednesday,True,07:00,15:00,PM
EMP-00081,Recurring,,Thursday,True,07:00,17:00,Night
EMP-00081,Recurring,,Friday,True,07:00,21:00,Night
EMP-00081,Recurring,,Saturday,True,07:00,17:00,Night
EMP-00081,Recurring,,Sunday,False,,,
EMP-00082,Recurring,,Monday,False,,,
EMP-00082,Recurring,,Tuesday,True,07:00,15:00,AM
EMP-00082,Recurring,,Wednesday,False,,,
EMP-00082,Recurring,,Thursday,True,07:00,17:00,Night
EMP-00082,Recurring,,Friday,True,07:00,15:00,Night
EMP-00082,Recurring,,Saturday,True,07:00,19:00,Split
EMP-00082,Recurring,,Sunday,True,07:00,15:00,AM
EMP-00083,Recurring,,Monday,False,,,
EMP-00083,Recurring,,Tuesday,False,,,
EMP-00083,Recurring,,Wednesday,False,,,
EMP-00083,Recurring,,Thursday,True,07:00,15:00,Night
EMP-00083,Recurring,,Friday,True,07:00,19:00,AM
EMP-00083,Recurring,,Saturday,False,,,
EMP-00083,Recurring,,Sunday,True,07:00,19:00,PM
EMP-00084,Recurring,,Monday,False,,,
EMP-00084,Recurring,,Tuesday,True,07:00,17:00,PM
EMP-00084,Recurring,,Wednesday,True,07:00,21:00,AM
EMP-00084,Recurring,,Thursday,False,,,
EMP-00084,Recurring,,Friday,False,,,
EMP-00084,Recurring,,Saturday,False,,,
EMP-00084,Recurring,,Sunday,True,07:00,17:00,AM
EMP-00085,Recurring,,Monday,True,07:00,17:00,AM
EMP-00085,Recurring,,Tuesday,True,07:00,19:00,AM
EMP-00085,Recurring,,Wednesday,False,,,
EMP-00085,Recurring,,Thursday,True,07:00,21:00,Split
EMP-00085,Recurring,,Friday,True,07:00,21:00,PM
EMP-00085,Recurring,,Saturday,False,,,
EMP-00085,Recurring,,Sunday,True,07:00,15:00,PM
EMP-00086,Recurring,,Monday,False,,,
EMP-00086,Recurring,,Tuesday,False,,,
EMP-00086,Recurring,,Wednesday,False,,,
EMP-00086,Recurring,,Thursday,True,07:00,15:00,Night
EMP-00086,Recurring,,Friday,True,07:00,15:00,Split
EMP-00086,Recurring,,Saturday,True,07:00,15:00,Split
EMP-00086,Recurring,,Sunday,True,07:00,19:00,AM
EMP-00087,Recurring,,Monday,False,,,
EMP-00087,Recurring,,Tuesday,True,07:00,15:00,Night
EMP-00087,Recurring,,Wednesday,True,07:00,21:00,PM
EMP-00087,Recurring,,Thursday,False,,,
EMP-00087,Recurring,,Friday,False,,,
EMP-00087,Recurring,,Saturday,False,,,
EMP-00087,Recurring,,Sunday,True,07:00,21:00,PM
EMP-00088,Recurring,,Monday,True,07:00,15:00,AM
EMP-00088,Recurring,,Tuesday,False,,,
EMP-00088,Recurring,,Wednesday,True,07:00,19:00,Split
EMP-00088,Recurring,,Thursday,False,,,
EMP-00088,Recurring,,Friday,True,07:00,19:00,AM
EMP-00088,Recurring,,Saturday,True,07:00,21:00,Night
EMP-00088,Recurring,,Sunday,False,,,
EMP-00089,Recurring,,Monday,True,07:00,19:00,PM
EMP-00089,Recurring,,Tuesday,True,07:00,21:00,Night
EMP-00089,Recurring,,Wednesday,True,07:00,17:00,AM
EMP-00089,Recurring,,Thursday,True,07:00,19:00,PM
EMP-00089,Recurring,,Friday,True,07:00,15:00,Night
EMP-00089,Recurring,,Saturday,False,,,
EMP-00089,Recurring,,Sunday,False,,,
EMP-00090,Recurring,,Monday,True,07:00,17:00,AM
EMP-00090,Recurring,,Tuesday,True,07:00,15:00,PM
EMP-00090,Recurring,,Wednesday,True,07:00,15:00,Split
EMP-00090,Recurring,,Thursday,False,,,
EMP-00090,Recurring,,Friday,False,,,
EMP-00090,Recurring,,Saturday,False,,,
EMP-00090,Recurring,,Sunday,False,,,
EMP-00091,Recurring,,Monday,False,,,
EMP-00091,Recurring,,Tuesday,False,,,
EMP-00091,Recurring,,Wednesday,False,,,
EMP-00091,Recurring,,Thursday,True,07:00,21:00,PM
EMP-00091,Recurring,,Friday,True,07:00,15:00,AM
EMP-00091,Recurring,,Saturday,True,07:00,15:00,AM
EMP-00091,Recurring,,Sunday,True,07:00,19:00,AM
EMP-00092,Recurring,,Monday,True,07:00,21:00,Split
EMP-00092,Recurring,,Tuesday,True,07:00,17:00,AM
EMP-00092,Recurring,,Wednesday,True,07:00,17:00,Night
EMP-00092,Recurring,,Thursday,False,,,
EMP-00092,Recurring,,Friday,True,07:00,19:00,AM
EMP-00092,Recurring,,Saturday,False,,,
EMP-00092,Recurring,,Sunday,True,07:00,15:00,PM
EMP-00093,Recurring,,Monday,True,07:00,15:00,Split
EMP-00093,Recurring,,Tuesday,True,07:00,19:00,AM
EMP-00093,Recurring,,Wednesday,False,,,
EMP-00093,Recurring,,Thursday,False,,,
EMP-00093,Recurring,,Friday,True,07:00,17:00,Night
EMP-00093,Recurring,,Saturday,True,07:00,17:00,Night
EMP-00093,Recurring,,Sunday,True,07:00,19:00,PM
EMP-00094,Recurring,,Monday,True,07:00,17:00,PM
EMP-00094,Recurring,,Tuesday,True,07:00,17:00,Split
EMP-00094,Recurring,,Wednesday,False,,,
EMP-00094,Recurring,,Thursday,True,07:00,19:00,Split
EMP-00094,Recurring,,Friday,False,,,
EMP-00094,Recurring,,Saturday,True,07:00,17:00,Split
EMP-00094,Recurring,,Sunday,True,07:00,17:00,Night
EMP-00095,Recurring,,Monday,False,,,
EMP-00095,Recurring,,Tuesday,True,07:00,21:00,Night
EMP-00095,Recurring,,Wednesday,True,07:00,15:00,Night
EMP-00095,Recurring,,Thursday,True,07:00,21:00,AM
EMP-00095,Recurring,,Friday,True,07:00,15:00,PM
EMP-00095,Recurring,,Saturday,False,,,
EMP-00095,Recurring,,Sunday,True,07:00,19:00,PM
EMP-00096,Recurring,,Monday,True,07:00,19:00,AM
EMP-00096,Recurring,,Tuesday,True,07:00,19:00,Split
EMP-00096,Recurring,,Wednesday,True,07:00,21:00,PM
EMP-00096,Recurring,,Thursday,True,07:00,19:00,PM
EMP-00096,Recurring,,Friday,False,,,
EMP-00096,Recurring,,Saturday,True,07:00,19:00,AM
EMP-00096,Recurring,,Sunday,False,,,
EMP-00097,Recurring,,Monday,True,07:00,15:00,Night
EMP-00097,Recurring,,Tuesday,True,07:00,15:00,Night
EMP-00097,Recurring,,Wednesday,True,07:00,17:00,PM
EMP-00097,Recurring,,Thursday,False,,,
EMP-00097,Recurring,,Friday,True,07:00,19:00,Split
EMP-00097,Recurring,,Saturday,False,,,
EMP-00097,Recurring,,Sunday,False,,,
EMP-00098,Recurring,,Monday,False,,,
EMP-00098,Recurring,,Tuesday,True,07:00,15:00,PM
EMP-00098,Recurring,,Wednesday,True,07:00,17:00,Split
EMP-00098,Recurring,,Thursday,False,,,
EMP-00098,Recurring,,Friday,True,07:00,17:00,Split
EMP-00098,Recurring,,Saturday,False,,,
EMP-00098,Recurring,,Sunday,False,,,
EMP-00099,Recurring,,Monday,True,07:00,19:00,PM
EMP-00099,Recurring,,Tuesday,False,,,
EMP-00099,Recurring,,Wednesday,True,07:00,19:00,Night
EMP-00099,Recurring,,Thursday,True,07:00,21:00,Split
EMP-00099,Recurring,,Friday,True,07:00,21:00,AM
EMP-00099,Recurring,,Saturday,True,07:00,21:00,PM
EMP-00099,Recurring,,Sunday,False,,,
EMP-00100,Recurring,,Monday,False,,,
EMP-00100,Recurring,,Tuesday,False,,,
EMP-00100,Recurring,,Wednesday,True,07:00,21:00,PM
EMP-00100,Recurring,,Thursday,True,07:00,17:00,Night
EMP-00100,Recurring,,Friday,False,,,
EMP-00100,Recurring,,Saturday,True,07:00,17:00,Night
EMP-00100,Recurring,,Sunday,True,07:00,15:00,AM
EMP-00101,Recurring,,Monday,True,07:00,17:00,Night
EMP-00101,Recurring,,Tuesday,True,07:00,21:00,Split
EMP-00101,Recurring,,Wednesday,True,07:00,17:00,Night
EMP-00101,Recurring,,Thursday,False,,,
EMP-00101,Recurring,,Friday,True,07:00,15:00,Night
EMP-00101,Recurring,,Saturday,False,,,
EMP-00101,Recurring,,Sunday,True,07:00,15:00,AM
EMP-00102,Recurring,,Monday,True,07:00,15:00,AM
EMP-00102,Recurring,,Tuesday,True,07:00,15:00,PM
EMP-00102,Recurring,,Wednesday,False,,,
EMP-00102,Recurring,,Thursday,False,,,
EMP-00102,Recurring,,Friday,True,07:00,15:00,Night
EMP-00102,Recurring,,Saturday,True,07:00,15:00,Night
EMP-00102,Recurring,,Sunday,True,07:00,17:00,Night
EMP-00103,Recurring,,Monday,False,,,
EMP-00103,Recurring,,Tuesday,True,07:00,17:00,PM
EMP-00103,Recurring,,Wednesday,True,07:00,17:00,Split
EMP-00103,Recurring,,Thursday,True,07:00,19:00,AM
EMP-00103,Recurring,,Friday,True,07:00,21:00,Night
EMP-00103,Recurring,,Saturday,False,,,
EMP-00103,Recurring,,Sunday,False,,,
EMP-00104,Recurring,,Monday,False,,,
EMP-00104,Recurring,,Tuesday,False,,,
EMP-00104,Recurring,,Wednesday,False,,,
EMP-00104,Recurring,,Thursday,True,07:00,17:00,PM
EMP-00104,Recurring,,Friday,False,,,
EMP-00104,Recurring,,Saturday,True,07:00,19:00,Split
EMP-00104,Recurring,,Sunday,True,07:00,21:00,Split
EMP-00105,Recurring,,Monday,False,,,
EMP-00105,Recurring,,Tuesday,True,07:00,17:00,Split
EMP-00105,Recurring,,Wednesday,True,07:00,21:00,PM
EMP-00105,Recurring,,Thursday,False,,,
EMP-00105,Recurring,,Friday,True,07:00,19:00,PM
EMP-00105,Recurring,,Saturday,False,,,
EMP-00105,Recurring,,Sunday,True,07:00,19:00,Split
EMP-00106,Recurring,,Monday,False,,,
EMP-00106,Recurring,,Tuesday,False,,,
EMP-00106,Recurring,,Wednesday,True,07:00,19:00,AM
EMP-00106,Recurring,,Thursday,True,07:00,15:00,Night
EMP-00106,Recurring,,Friday,False,,,
EMP-00106,Recurring,,Saturday,True,07:00,21:00,PM
EMP-00106,Recurring,,Sunday,True,07:00,19:00,Split
EMP-00107,Recurring,,Monday,False,,,
EMP-00107,Recurring,,Tuesday,False,,,
EMP-00107,Recurring,,Wednesday,False,,,
EMP-00107,Recurring,,Thursday,True,07:00,15:00,Night
EMP-00107,Recurring,,Friday,True,07:00,15:00,Night
EMP-00107,Recurring,,Saturday,True,07:00,17:00,AM
EMP-00107,Recurring,,Sunday,True,07:00,15:00,Night
EMP-00108,Recurring,,Monday,False,,,
EMP-00108,Recurring,,Tuesday,False,,,
EMP-00108,Recurring,,Wednesday,False,,,
EMP-00108,Recurring,,Thursday,False,,,
EMP-00108,Recurring,,Friday,True,07:00,19:00,PM
EMP-00108,Recurring,,Saturday,True,07:00,15:00,Night
EMP-00108,Recurring,,Sunday,True,07:00,21:00,AM
EMP-00109,Recurring,,Monday,False,,,
EMP-00109,Recurring,,Tuesday,True,07:00,15:00,AM
EMP-00109,Recurring,,Wednesday,False,,,
EMP-00109,Recurring,,Thursday,True,07:00,15:00,Night
EMP-00109,Recurring,,Friday,False,,,
EMP-00109,Recurring,,Saturday,False,,,
EMP-00109,Recurring,,Sunday,True,07:00,21:00,PM
EMP-00110,Recurring,,Monday,False,,,
EMP-00110,Recurring,,Tuesday,True,07:00,17:00,PM
EMP-00110,Recurring,,Wednesday,True,07:00,17:00,PM
EMP-00110,Recurring,,Thursday,False,,,
EMP-00110,Recurring,,Friday,False,,,
EMP-00110,Recurring,,Saturday,True,07:00,19:00,Night
EMP-00110,Recurring,,Sunday,False,,,
EMP-00111,Recurring,,Monday,True,07:00,19:00,PM
EMP-00111,Recurring,,Tuesday,False,,,
EMP-00111,Recurring,,Wednesday,True,07:00,15:00,AM
EMP-00111,Recurring,,Thursday,False,,,
EMP-00111,Recurring,,Friday,False,,,
EMP-00111,Recurring,,Saturday,False,,,
EMP-00111,Recurring,,Sunday,True,07:00,19:00,Night
EMP-00112,Recurring,,Monday,False,,,
EMP-00112,Recurring,,Tuesday,True,07:00,15:00,AM
EMP-00112,Recurring,,Wednesday,True,07:00,19:00,AM
EMP-00112,Recurring,,Thursday,False,,,
EMP-00112,Recurring,,Friday,False,,,
EMP-00112,Recurring,,Saturday,True,07:00,21:00,PM
EMP-00112,Recurring,,Sunday,True,07:00,17:00,Night
EMP-00113,Recurring,,Monday,False,,,
EMP-00113,Recurring,,Tuesday,True,07:00,17:00,PM
EMP-00113,Recurring,,Wednesday,False,,,
EMP-00113,Recurring,,Thursday,False,,,
EMP-00113,Recurring,,Friday,True,07:00,19:00,Split
EMP-00113,Recurring,,Saturday,True,07:00,15:00,Night
EMP-00113,Recurring,,Sunday,True,07:00,17:00,Night
EMP-00114,Recurring,,Monday,False,,,
EMP-00114,Recurring,,Tuesday,False,,,
EMP-00114,Recurring,,Wednesday,False,,,
EMP-00114,Recurring,,Thursday,True,07:00,21:00,AM
EMP-00114,Recurring,,Friday,True,07:00,21:00,Night
EMP-00114,Recurring,,Saturday,True,07:00,17:00,PM
EMP-00114,Recurring,,Sunday,True,07:00,17:00,Split
EMP-00115,Recurring,,Monday,True,07:00,15:00,AM
EMP-00115,Recurring,,Tuesday,False,,,
EMP-00115,Recurring,,Wednesday,True,07:00,17:00,Night
EMP-00115,Recurring,,Thursday,True,07:00,21:00,Night
EMP-00115,Recurring,,Friday,False,,,
EMP-00115,Recurring,,Saturday,True,07:00,19:00,Split
EMP-00115,Recurring,,Sunday,True,07:00,21:00,PM
EMP-00116,Recurring,,Monday,True,07:00,19:00,AM
EMP-00116,Recurring,,Tuesday,True,07:00,15:00,Split
EMP-00116,Recurring,,Wednesday,False,,,
EMP-00116,Recurring,,Thursday,True,07:00,21:00,AM
EMP-00116,Recurring,,Friday,False,,,
EMP-00116,Recurring,,Saturday,True,07:00,15:00,Night
EMP-00116,Recurring,,Sunday,True,07:00,15:00,Night
EMP-00117,Recurring,,Monday,True,07:00,21:00,Night
EMP-00117,Recurring,,Tuesday,False,,,
EMP-00117,Recurring,,Wednesday,True,07:00,15:00,PM
EMP-00117,Recurring,,Thursday,False,,,
EMP-00117,Recurring,,Friday,True,07:00,15:00,PM
EMP-00117,Recurring,,Saturday,True,07:00,17:00,AM
EMP-00117,Recurring,,Sunday,True,07:00,19:00,Night
EMP-00118,Recurring,,Monday,True,07:00,15:00,Split
EMP-00118,Recurring,,Tuesday,False,,,
EMP-00118,Recurring,,Wednesday,False,,,
EMP-00118,Recurring,,Thursday,False,,,
EMP-00118,Recurring,,Friday,True,07:00,17:00,Night
EMP-00118,Recurring,,Saturday,True,07:00,17:00,AM
EMP-00118,Recurring,,Sunday,False,,,
EMP-00119,Recurring,,Monday,True,07:00,21:00,AM
EMP-00119,Recurring,,Tuesday,False,,,
EMP-00119,Recurring,,Wednesday,True,07:00,19:00,Split
EMP-00119,Recurring,,Thursday,False,,,
EMP-00119,Recurring,,Friday,True,07:00,19:00,Night
EMP-00119,Recurring,,Saturday,False,,,
EMP-00119,Recurring,,Sunday,False,,,
EMP-00120,Recurring,,Monday,True,07:00,17:00,Night
EMP-00120,Recurring,,Tuesday,True,07:00,17:00,Split
EMP-00120,Recurring,,Wednesday,True,07:00,19:00,AM
EMP-00120,Recurring,,Thursday,True,07:00,19:00,AM
EMP-00120,Recurring,,Friday,False,,,
EMP-00120,Recurring,,Saturday,True,07:00,17:00,PM
EMP-00120,Recurring,,Sunday,False,,,
EMP-00121,Recurring,,Monday,False,,,
EMP-00121,Recurring,,Tuesday,True,07:00,15:00,PM
EMP-00121,Recurring,,Wednesday,True,07:00,17:00,Night
EMP-00121,Recurring,,Thursday,True,07:00,19:00,Night
EMP-00121,Recurring,,Friday,True,07:00,17:00,PM
EMP-00121,Recurring,,Saturday,False,,,
EMP-00121,Recurring,,Sunday,True,07:00,17:00,Split
EMP-00122,Recurring,,Monday,True,07:00,17:00,PM
EMP-00122,Recurring,,Tuesday,True,07:00,17:00,AM
EMP-00122,Recurring,,Wednesday,False,,,
EMP-00122,Recurring,,Thursday,False,,,
EMP-00122,Recurring,,Friday,False,,,
EMP-00122,Recurring,,Saturday,True,07:00,15:00,AM
EMP-00122,Recurring,,Sunday,False,,,
EMP-00123,Recurring,,Monday,True,07:00,19:00,PM
EMP-00123,Recurring,,Tuesday,False,,,
EMP-00123,Recurring,,Wednesday,True,07:00,19:00,Split
EMP-00123,Recurring,,Thursday,False,,,
EMP-00123,Recurring,,Friday,True,07:00,21:00,PM
EMP-00123,Recurring,,Saturday,True,07:00,19:00,Split
EMP-00123,Recurring,,Sunday,False,,,
EMP-00124,Recurring,,Monday,False,,,
EMP-00124,Recurring,,Tuesday,True,07:00,17:00,PM
EMP-00124,Recurring,,Wednesday,True,07:00,17:00,Split
EMP-00124,Recurring,,Thursday,True,07:00,19:00,Split
EMP-00124,Recurring,,Friday,True,07:00,15:00,Split
EMP-00124,Recurring,,Saturday,True,07:00,19:00,Split
EMP-00124,Recurring,,Sunday,False,,,
EMP-00125,Recurring,,Monday,True,07:00,21:00,AM
EMP-00125,Recurring,,Tuesday,True,07:00,19:00,PM
EMP-00125,Recurring,,Wednesday,False,,,
EMP-00125,Recurring,,Thursday,False,,,
EMP-00125,Recurring,,Friday,True,07:00,21:00,Split
EMP-00125,Recurring,,Saturday,False,,,
EMP-00125,Recurring,,Sunday,True,07:00,21:00,PM
EMP-00126,Recurring,,Monday,True,07:00,21:00,AM
EMP-00126,Recurring,,Tuesday,False,,,
EMP-00126,Recurring,,Wednesday,True,07:00,15:00,Split
EMP-00126,Recurring,,Thursday,False,,,
EMP-00126,Recurring,,Friday,True,07:00,21:00,AM
EMP-00126,Recurring,,Saturday,False,,,
EMP-00126,Recurring,,Sunday,True,07:00,21:00,Split
EMP-00127,Recurring,,Monday,True,07:00,15:00,AM
EMP-00127,Recurring,,Tuesday,False,,,
EMP-00127,Recurring,,Wednesday,True,07:00,21:00,Night
EMP-00127,Recurring,,Thursday,False,,,
EMP-00127,Recurring,,Friday,True,07:00,19:00,Split
EMP-00127,Recurring,,Saturday,True,07:00,17:00,PM
EMP-00127,Recurring,,Sunday,True,07:00,15:00,PM
EMP-00128,Recurring,,Monday,False,,,
EMP-00128,Recurring,,Tuesday,False,,,
EMP-00128,Recurring,,Wednesday,True,07:00,21:00,PM
EMP-00128,Recurring,,Thursday,True,07:00,17:00,Night
EMP-00128,Recurring,,Friday,False,,,
EMP-00128,Recurring,,Saturday,True,07:00,15:00,Split
EMP-00128,Recurring,,Sunday,False,,,
EMP-00129,Recurring,,Monday,True,07:00,17:00,Night
EMP-00129,Recurring,,Tuesday,True,07:00,15:00,PM
EMP-00129,Recurring,,Wednesday,False,,,
EMP-00129,Recurring,,Thursday,False,,,
EMP-00129,Recurring,,Friday,True,07:00,21:00,Split
EMP-00129,Recurring,,Saturday,False,,,
EMP-00129,Recurring,,Sunday,False,,,
EMP-00130,Recurring,,Monday,True,07:00,15:00,PM
EMP-00130,Recurring,,Tuesday,False,,,
EMP-00130,Recurring,,Wednesday,False,,,
EMP-00130,Recurring,,Thursday,True,07:00,21:00,Split
EMP-00130,Recurring,,Friday,False,,,
EMP-00130,Recurring,,Saturday,False,,,
EMP-00130,Recurring,,Sunday,True,07:00,17:00,AM
EMP-00131,Recurring,,Monday,False,,,
EMP-00131,Recurring,,Tuesday,False,,,
EMP-00131,Recurring,,Wednesday,True,07:00,21:00,PM
EMP-00131,Recurring,,Thursday,False,,,
EMP-00131,Recurring,,Friday,True,07:00,19:00,Split
EMP-00131,Recurring,,Saturday,True,07:00,21:00,Night
EMP-00131,Recurring,,Sunday,True,07:00,15:00,Night
EMP-00132,Recurring,,Monday,True,07:00,17:00,Split
EMP-00132,Recurring,,Tuesday,True,07:00,15:00,Split
EMP-00132,Recurring,,Wednesday,False,,,
EMP-00132,Recurring,,Thursday,True,07:00,21:00,AM
EMP-00132,Recurring,,Friday,False,,,
EMP-00132,Recurring,,Saturday,True,07:00,19:00,Split
EMP-00132,Recurring,,Sunday,True,07:00,17:00,AM
EMP-00133,Recurring,,Monday,True,07:00,21:00,Night
EMP-00133,Recurring,,Tuesday,True,07:00,19:00,Split
EMP-00133,Recurring,,Wednesday,False,,,
EMP-00133,Recurring,,Thursday,False,,,
EMP-00133,Recurring,,Friday,True,07:00,21:00,AM
EMP-00133,Recurring,,Saturday,True,07:00,15:00,AM
EMP-00133,Recurring,,Sunday,True,07:00,19:00,Night
EMP-00134,Recurring,,Monday,False,,,
EMP-00134,Recurring,,Tuesday,True,07:00,21:00,Split
EMP-00134,Recurring,,Wednesday,False,,,
EMP-00134,Recurring,,Thursday,True,07:00,17:00,Split
EMP-00134,Recurring,,Friday,False,,,
EMP-00134,Recurring,,Saturday,True,07:00,19:00,Night
EMP-00134,Recurring,,Sunday,False,,,
EMP-00135,Recurring,,Monday,False,,,
EMP-00135,Recurring,,Tuesday,True,07:00,19:00,AM
EMP-00135,Recurring,,Wednesday,True,07:00,17:00,Split
EMP-00135,Recurring,,Thursday,True,07:00,15:00,Night
EMP-00135,Recurring,,Friday,False,,,
EMP-00135,Recurring,,Saturday,False,,,
EMP-00135,Recurring,,Sunday,True,07:00,21:00,Split
EMP-00136,Recurring,,Monday,False,,,
EMP-00136,Recurring,,Tuesday,True,07:00,21:00,Night
EMP-00136,Recurring,,Wednesday,True,07:00,21:00,Night
EMP-00136,Recurring,,Thursday,True,07:00,21:00,Split
EMP-00136,Recurring,,Friday,True,07:00,21:00,Night
EMP-00136,Recurring,,Saturday,False,,,
EMP-00136,Recurring,,Sunday,False,,,
EMP-00137,Recurring,,Monday,True,07:00,19:00,PM
EMP-00137,Recurring,,Tuesday,True,07:00,15:00,PM
EMP-00137,Recurring,,Wednesday,True,07:00,21:00,AM
EMP-00137,Recurring,,Thursday,False,,,
EMP-00137,Recurring,,Friday,False,,,
EMP-00137,Recurring,,Saturday,True,07:00,17:00,Night
EMP-00137,Recurring,,Sunday,False,,,
EMP-00138,Recurring,,Monday,True,07:00,17:00,Night
EMP-00138,Recurring,,Tuesday,False,,,
EMP-00138,Recurring,,Wednesday,False,,,
EMP-00138,Recurring,,Thursday,False,,,
EMP-00138,Recurring,,Friday,True,07:00,19:00,AM
EMP-00138,Recurring,,Saturday,True,07:00,19:00,Split
EMP-00138,Recurring,,Sunday,False,,,
EMP-00139,Recurring,,Monday,True,07:00,17:00,AM
EMP-00139,Recurring,,Tuesday,False,,,
EMP-00139,Recurring,,Wednesday,False,,,
EMP-00139,Recurring,,Thursday,True,07:00,15:00,PM
EMP-00139,Recurring,,Friday,False,,,
EMP-00139,Recurring,,Saturday,True,07:00,15:00,Split
EMP-00139,Recurring,,Sunday,False,,,
EMP-00140,Recurring,,Monday,False,,,
EMP-00140,Recurring,,Tuesday,True,07:00,15:00,Night
EMP-00140,Recurring,,Wednesday,True,07:00,19:00,AM
EMP-00140,Recurring,,Thursday,True,07:00,15:00,Split
EMP-00140,Recurring,,Friday,False,,,
EMP-00140,Recurring,,Saturday,False,,,
EMP-00140,Recurring,,Sunday,True,07:00,17:00,Night
EMP-00141,Recurring,,Monday,True,07:00,19:00,AM
EMP-00141,Recurring,,Tuesday,False,,,
EMP-00141,Recurring,,Wednesday,True,07:00,17:00,Split
EMP-00141,Recurring,,Thursday,True,07:00,17:00,AM
EMP-00141,Recurring,,Friday,False,,,
EMP-00141,Recurring,,Saturday,False,,,
EMP-00141,Recurring,,Sunday,False,,,
EMP-00142,Recurring,,Monday,False,,,
EMP-00142,Recurring,,Tuesday,False,,,
EMP-00142,Recurring,,Wednesday,True,07:00,21:00,PM
EMP-00142,Recurring,,Thursday,True,07:00,21:00,Night
EMP-00142,Recurring,,Friday,True,07:00,19:00,Split
EMP-00142,Recurring,,Saturday,True,07:00,17:00,PM
EMP-00142,Recurring,,Sunday,True,07:00,17:00,Split
EMP-00143,Recurring,,Monday,True,07:00,19:00,PM
EMP-00143,Recurring,,Tuesday,True,07:00,21:00,Split
EMP-00143,Recurring,,Wednesday,False,,,
EMP-00143,Recurring,,Thursday,True,07:00,21:00,Night
EMP-00143,Recurring,,Friday,True,07:00,21:00,AM
EMP-00143,Recurring,,Saturday,False,,,
EMP-00143,Recurring,,Sunday,True,07:00,17:00,AM
EMP-00144,Recurring,,Monday,False,,,
EMP-00144,Recurring,,Tuesday,True,07:00,17:00,Night
EMP-00144,Recurring,,Wednesday,False,,,
EMP-00144,Recurring,,Thursday,True,07:00,17:00,PM
EMP-00144,Recurring,,Friday,True,07:00,19:00,AM
EMP-00144,Recurring,,Saturday,True,07:00,19:00,AM
EMP-00144,Recurring,,Sunday,True,07:00,15:00,AM
EMP-00145,Recurring,,Monday,True,07:00,21:00,Split
EMP-00145,Recurring,,Tuesday,False,,,
EMP-00145,Recurring,,Wednesday,True,07:00,15:00,PM
EMP-00145,Recurring,,Thursday,False,,,
EMP-00145,Recurring,,Friday,False,,,
EMP-00145,Recurring,,Saturday,True,07:00,19:00,Night
EMP-00145,Recurring,,Sunday,False,,,
EMP-00146,Recurring,,Monday,False,,,
EMP-00146,Recurring,,Tuesday,False,,,
EMP-00146,Recurring,,Wednesday,True,07:00,17:00,PM
EMP-00146,Recurring,,Thursday,False,,,
EMP-00146,Recurring,,Friday,True,07:00,17:00,PM
EMP-00146,Recurring,,Saturday,True,07:00,17:00,AM
EMP-00146,Recurring,,Sunday,False,,,
EMP-00147,Recurring,,Monday,True,07:00,19:00,AM
EMP-00147,Recurring,,Tuesday,True,07:00,21:00,PM
EMP-00147,Recurring,,Wednesday,False,,,
EMP-00147,Recurring,,Thursday,False,,,
EMP-00147,Recurring,,Friday,False,,,
EMP-00147,Recurring,,Saturday,False,,,
EMP-00147,Recurring,,Sunday,True,07:00,19:00,PM
EMP-00148,Recurring,,Monday,False,,,
EMP-00148,Recurring,,Tuesday,True,07:00,19:00,Split
EMP-00148,Recurring,,Wednesday,False,,,
EMP-00148,Recurring,,Thursday,True,07:00,19:00,Night
EMP-00148,Recurring,,Friday,True,07:00,21:00,Night
EMP-00148,Recurring,,Saturday,True,07:00,17:00,Night
EMP-00148,Recurring,,Sunday,False,,,
EMP-00149,Recurring,,Monday,False,,,
EMP-00149,Recurring,,Tuesday,True,07:00,17:00,AM
EMP-00149,Recurring,,Wednesday,False,,,
EMP-00149,Recurring,,Thursday,False,,,
EMP-00149,Recurring,,Friday,True,07:00,19:00,Split
EMP-00149,Recurring,,Saturday,False,,,
EMP-00149,Recurring,,Sunday,True,07:00,19:00,PM
EMP-00150,Recurring,,Monday,False,,,
EMP-00150,Recurring,,Tuesday,True,07:00,21:00,AM
EMP-00150,Recurring,,Wednesday,False,,,
EMP-00150,Recurring,,Thursday,False,,,
EMP-00150,Recurring,,Friday,True,07:00,19:00,AM
EMP-00150,Recurring,,Saturday,True,07:00,17:00,Night
EMP-00150,Recurring,,Sunday,True,07:00,21:00,Split
EMP-00135,Exception,2025-10-25,Saturday,False,,,
EMP-00015,Exception,2026-06-26,Friday,False,,,
EMP-00139,Exception,2025-11-10,Monday,False,,,
EMP-00003,Exception,2026-03-24,Tuesday,False,,,
EMP-00012,Exception,2025-08-15,Friday,False,,,
EMP-00141,Exception,2026-01-28,Wednesday,False,,,
EMP-00017,Exception,2026-03-27,Friday,False,,,
EMP-00056,Exception,2026-02-12,Thursday,False,,,
EMP-00135,Exception,2025-10-26,Sunday,False,,,
EMP-00097,Exception,2026-05-29,Friday,False,,,
EMP-00064,Exception,2026-07-20,Monday,False,,,
EMP-00068,Exception,2026-01-15,Thursday,False,,,
EMP-00133,Exception,2026-03-20,Friday,False,,,
EMP-00131,Exception,2026-05-15,Friday,False,,,
EMP-00107,Exception,2025-10-27,Monday,False,,,
EMP-00060,Exception,2026-06-11,Thursday,False,,,
EMP-00093,Exception,2025-11-10,Monday,False,,,
EMP-00050,Exception,2026-05-10,Sunday,False,,,
EMP-00027,Exception,2025-09-10,Wednesday,False,,,
EMP-00115,Exception,2025-11-13,Thursday,False,,,
EMP-00115,Exception,2026-02-11,Wednesday,False,,,
EMP-00150,Exception,2026-02-08,Sunday,False,,,
EMP-00131,Exception,2026-06-06,Saturday,False,,,
EMP-00032,Exception,2026-07-29,Wednesday,False,,,
EMP-00112,Exception,2025-09-09,Tuesday,False,,,
EMP-00001,Exception,2025-11-07,Friday,False,,,
EMP-00003,Exception,2025-12-09,Tuesday,False,,,
EMP-00150,Exception,2026-01-22,Thursday,False,,,
EMP-00004,Exception,2026-01-27,Tuesday,False,,,
EMP-00033,Exception,2026-06-08,Monday,False,,,
EMP-00014,Exception,2026-05-08,Friday,False,,,
EMP-00067,Exception,2025-08-07,Thursday,False,,,
EMP-00101,Exception,2026-01-13,Tuesday,False,,,
EMP-00116,Exception,2026-03-13,Friday,False,,,
EMP-00119,Exception,2026-01-15,Thursday,False,,,
EMP-00002,Exception,2025-09-17,Wednesday,False,,,
EMP-00069,Exception,2025-12-23,Tuesday,False,,,
EMP-00120,Exception,2025-12-28,Sunday,False,,,
EMP-00130,Exception,2025-10-08,Wednesday,False,,,
EMP-00058,Exception,2026-05-03,Sunday,False,,,
EMP-00019,Exception,2025-11-25,Tuesday,False,,,
EMP-00113,Exception,2026-03-03,Tuesday,False,,,
EMP-00117,Exception,2026-02-04,Wednesday,False,,,
EMP-00129,Exception,2026-06-16,Tuesday,False,,,
EMP-00147,Exception,2025-09-14,Sunday,False,,,
EMP-00089,Exception,2025-09-11,Thursday,False,,,
EMP-00035,Exception,2025-11-18,Tuesday,False,,,
EMP-00097,Exception,2026-01-04,Sunday,False,,,
EMP-00130,Exception,2025-11-17,Monday,False,,,
EMP-00093,Exception,2026-05-05,Tuesday,False,,,
EMP-00148,Exception,2025-10-29,Wednesday,False,,,
EMP-00111,Exception,2025-08-31,Sunday,False,,,
EMP-00082,Exception,2025-12-29,Monday,False,,,
EMP-00144,Exception,2026-05-09,Saturday,False,,,
EMP-00140,Exception,2026-06-06,Saturday,False,,,
EMP-00062,Exception,2026-04-24,Friday,False,,,
EMP-00005,Exception,2026-02-20,Friday,False,,,
EMP-00008,Exception,2026-04-21,Tuesday,False,,,
EMP-00146,Exception,2026-04-06,Monday,False,,,
EMP-00126,Exception,2025-10-25,Saturday,False,,,
EMP-00150,Exception,2026-02-17,Tuesday,False,,,
EMP-00102,Exception,2026-05-08,Friday,False,,,
EMP-00096,Exception,2025-11-24,Monday,False,,,
EMP-00092,Exception,2026-03-27,Friday,False,,,
EMP-00129,Exception,2026-01-23,Friday,False,,,
EMP-00076,Exception,2026-01-31,Saturday,False,,,
EMP-00018,Exception,2025-09-02,Tuesday,False,,,
EMP-00004,Exception,2026-03-31,Tuesday,False,,,
EMP-00063,Exception,2026-06-12,Friday,False,,,
EMP-00106,Exception,2025-09-21,Sunday,False,,,
EMP-00016,Exception,2025-12-12,Friday,False,,,
EMP-00139,Exception,2025-08-18,Monday,False,,,
EMP-00029,Exception,2025-08-11,Monday,False,,,
EMP-00063,Exception,2026-07-27,Monday,False,,,
EMP-00103,Exception,2026-01-27,Tuesday,False,,,
EMP-00022,Exception,2025-12-08,Monday,False,,,
EMP-00079,Exception,2025-11-09,Sunday,False,,,
EMP-00106,Exception,2026-07-23,Thursday,False,,,
EMP-00031,Exception,2025-10-31,Friday,False,,,
EMP-00019,Exception,2026-04-22,Wednesday,False,,,
EMP-00070,Exception,2025-11-12,Wednesday,False,,,
EMP-00033,Exception,2025-08-26,Tuesday,False,,,
EMP-00072,Exception,2026-04-06,Monday,False,,,
EMP-00036,Exception,2025-08-01,Friday,False,,,
EMP-00071,Exception,2026-04-03,Friday,False,,,
EMP-00052,Exception,2025-10-31,Friday,False,,,
EMP-00024,Exception,2026-04-29,Wednesday,False,,,
EMP-00130,Exception,2026-05-08,Friday,False,,,
EMP-00078,Exception,2026-04-21,Tuesday,False,,,
EMP-00060,Exception,2025-08-09,Saturday,False,,,
EMP-00056,Exception,2026-04-14,Tuesday,False,,,
EMP-00098,Exception,2026-07-27,Monday,False,,,
EMP-00150,Exception,2025-10-28,Tuesday,False,,,
EMP-00002,Exception,2025-11-08,Saturday,False,,,
EMP-00132,Exception,2026-05-24,Sunday,False,,,
EMP-00015,Exception,2025-09-28,Sunday,False,,,
EMP-00085,Exception,2026-03-29,Sunday,False,,,
EMP-00148,Exception,2026-05-02,Saturday,False,,,
EMP-00032,Exception,2025-08-14,Thursday,False,,,
EMP-00096,Exception,2026-02-18,Wednesday,False,,,
EMP-00139,Exception,2026-02-26,Thursday,False,,,
EMP-00076,Exception,2025-11-19,Wednesday,False,,,
EMP-00013,Exception,2026-06-15,Monday,False,,,
EMP-00124,Exception,2025-09-29,Monday,False,,,
EMP-00106,Exception,2025-12-11,Thursday,False,,,
EMP-00066,Exception,2026-06-05,Friday,False,,,
EMP-00127,Exception,2025-10-09,Thursday,False,,,
EMP-00047,Exception,2026-05-26,Tuesday,False,,,
EMP-00138,Exception,2025-08-29,Friday,False,,,
EMP-00126,Exception,2026-01-26,Monday,False,,,
EMP-00089,Exception,2025-08-28,Thursday,False,,,
EMP-00103,Exception,2026-04-04,Saturday,False,,,
EMP-00100,Exception,2026-05-15,Friday,False,,,
EMP-00142,Exception,2026-06-06,Saturday,False,,,
EMP-00112,Exception,2026-07-24,Friday,False,,,
EMP-00102,Exception,2026-04-02,Thursday,False,,,
EMP-00082,Exception,2026-05-07,Thursday,False,,,
EMP-00011,Exception,2026-02-01,Sunday,False,,,
EMP-00064,Exception,2026-06-29,Monday,False,,,
EMP-00011,Exception,2026-03-23,Monday,False,,,
EMP-00028,Exception,2026-06-18,Thursday,False,,,
EMP-00128,Exception,2025-10-25,Saturday,False,,,
EMP-00131,Exception,2026-01-28,Wednesday,False,,,
EMP-00146,Exception,2026-04-23,Thursday,False,,,
EMP-00006,Exception,2025-10-13,Monday,False,,,
EMP-00061,Exception,2025-10-16,Thursday,False,,,
EMP-00020,Exception,2026-07-23,Thursday,False,,,
EMP-00131,Exception,2026-01-06,Tuesday,False,,,
EMP-00033,Exception,2025-10-06,Monday,False,,,
EMP-00138,Exception,2025-11-29,Saturday,False,,,
EMP-00002,Exception,2025-12-23,Tuesday,False,,,
EMP-00069,Exception,2026-03-15,Sunday,False,,,
EMP-00051,Exception,2026-07-02,Thursday,False,,,
EMP-00097,Exception,2026-07-26,Sunday,False,,,
EMP-00056,Exception,2026-03-26,Thursday,False,,,
EMP-00055,Exception,2026-04-12,Sunday,False,,,
EMP-00112,Exception,2025-11-26,Wednesday,False,,,
EMP-00141,Exception,2026-06-09,Tuesday,False,,,
EMP-00135,Exception,2025-10-19,Sunday,False,,,
EMP-00108,Exception,2025-09-08,Monday,False,,,
EMP-00016,Exception,2026-07-21,Tuesday,False,,,
EMP-00023,Exception,2026-06-11,Thursday,False,,,
EMP-00065,Exception,2025-11-19,Wednesday,False,,,
EMP-00012,Exception,2026-04-03,Friday,False,,,
EMP-00109,Exception,2026-01-17,Saturday,False,,,
EMP-00122,Exception,2025-11-26,Wednesday,False,,,
EMP-00083,Exception,2025-11-13,Thursday,False,,,
EMP-00088,Exception,2025-09-19,Friday,False,,,
EMP-00072,Exception,2026-02-16,Monday,False,,,
EMP-00084,Exception,2026-01-10,Saturday,False,,,
EMP-00097,Exception,2026-02-03,Tuesday,False,,,
EMP-00043,Exception,2025-10-18,Saturday,False,,,
EMP-00098,Exception,2026-07-08,Wednesday,False,,,
EMP-00113,Exception,2026-03-21,Saturday,False,,,
EMP-00139,Exception,2026-06-24,Wednesday,False,,,
EMP-00076,Exception,2025-09-09,Tuesday,False,,,
EMP-00096,Exception,2026-03-15,Sunday,False,,,
EMP-00042,Exception,2026-06-06,Saturday,False,,,
EMP-00131,Exception,2025-11-29,Saturday,False,,,
EMP-00072,Exception,2025-10-11,Saturday,False,,,
EMP-00027,Exception,2025-11-05,Wednesday,False,,,
EMP-00055,Exception,2025-11-08,Saturday,False,,,
EMP-00023,Exception,2026-01-10,Saturday,False,,,
EMP-00094,Exception,2025-11-27,Thursday,False,,,
EMP-00081,Exception,2025-11-07,Friday,False,,,
EMP-00106,Exception,2026-03-25,Wednesday,False,,,
EMP-00145,Exception,2025-08-20,Wednesday,False,,,
EMP-00128,Exception,2025-12-02,Tuesday,False,,,
EMP-00010,Exception,2026-04-09,Thursday,False,,,
EMP-00026,Exception,2025-10-04,Saturday,False,,,
EMP-00147,Exception,2025-10-20,Monday,False,,,
EMP-00083,Exception,2025-10-13,Monday,False,,,
EMP-00019,Exception,2025-08-01,Friday,False,,,
EMP-00003,Exception,2026-01-20,Tuesday,False,,,
EMP-00066,Exception,2025-08-15,Friday,False,,,
EMP-00053,Exception,2025-11-08,Saturday,False,,,
EMP-00086,Exception,2026-07-29,Wednesday,False,,,
EMP-00104,Exception,2026-07-01,Wednesday,False,,,
EMP-00029,Exception,2025-10-18,Saturday,False,,,
EMP-00113,Exception,2025-11-21,Friday,False,,,
EMP-00128,Exception,2026-01-16,Friday,False,,,
EMP-00031,Exception,2026-06-04,Thursday,False,,,
EMP-00083,Exception,2026-05-20,Wednesday,False,,,
EMP-00068,Exception,2025-09-15,Monday,False,,,
EMP-00103,Exception,2025-09-15,Monday,False,,,
EMP-00100,Exception,2025-12-30,Tuesday,False,,,
EMP-00119,Exception,2026-06-13,Saturday,False,,,
EMP-00062,Exception,2026-06-18,Thursday,False,,,
EMP-00017,Exception,2025-09-09,Tuesday,False,,,
EMP-00150,Exception,2026-02-26,Thursday,False,,,
EMP-00068,Exception,2025-09-26,Friday,False,,,
EMP-00044,Exception,2026-04-07,Tuesday,False,,,
EMP-00124,Exception,2026-06-30,Tuesday,False,,,
EMP-00062,Exception,2026-01-13,Tuesday,False,,,
EMP-00025,Exception,2025-08-31,Sunday,False,,,
EMP-00066,Exception,2026-02-27,Friday,False,,,
EMP-00016,Exception,2025-12-27,Saturday,False,,,
EMP-00097,Exception,2026-05-23,Saturday,False,,,
EMP-00141,Exception,2025-12-02,Tuesday,False,,,
EMP-00059,Exception,2026-06-15,Monday,False,,,
EMP-00104,Exception,2025-11-08,Saturday,False,,,
EMP-00103,Exception,2025-09-27,Saturday,False,,,
EMP-00068,Exception,2025-11-20,Thursday,False,,,
EMP-00149,Exception,2025-08-13,Wednesday,False,,,
EMP-00129,Exception,2025-11-11,Tuesday,False,,,
EMP-00006,Exception,2026-03-29,Sunday,False,,,
EMP-00102,Exception,2025-09-21,Sunday,False,,,
EMP-00006,Exception,2025-09-10,Wednesday,False,,,
EMP-00062,Exception,2025-09-18,Thursday,False,,,
EMP-00106,Exception,2025-08-29,Friday,False,,,
EMP-00119,Exception,2026-06-15,Monday,False,,,
EMP-00108,Exception,2026-07-10,Friday,False,,,
EMP-00141,Exception,2025-08-17,Sunday,False,,,
EMP-00052,Exception,2026-05-04,Monday,False,,,
EMP-00051,Exception,2026-04-26,Sunday,False,,,
EMP-00117,Exception,2026-07-29,Wednesday,False,,,
EMP-00050,Exception,2025-12-05,Friday,False,,,
EMP-00004,Exception,2025-11-12,Wednesday,False,,,
EMP-00043,Exception,2026-01-12,Monday,False,,,
EMP-00064,Exception,2026-06-08,Monday,False,,,
EMP-00117,Exception,2026-04-23,Thursday,False,,,
EMP-00001,Exception,2026-01-19,Monday,False,,,
EMP-00110,Exception,2025-10-29,Wednesday,False,,,
EMP-00064,Exception,2026-04-22,Wednesday,False,,,
EMP-00120,Exception,2026-06-08,Monday,False,,,
EMP-00065,Exception,2025-12-24,Wednesday,False,,,
EMP-00058,Exception,2026-04-01,Wednesday,False,,,
EMP-00063,Exception,2025-12-24,Wednesday,False,,,
EMP-00026,Exception,2026-01-22,Thursday,False,,,
EMP-00036,Exception,2026-02-08,Sunday,False,,,
EMP-00134,Exception,2026-05-10,Sunday,False,,,
EMP-00072,Exception,2026-07-22,Wednesday,False,,,
EMP-00148,Exception,2026-01-09,Friday,False,,,
EMP-00115,Exception,2025-12-03,Wednesday,False,,,
EMP-00132,Exception,2025-12-14,Sunday,False,,,
EMP-00039,Exception,2025-09-18,Thursday,False,,,
EMP-00127,Exception,2025-11-17,Monday,False,,,
EMP-00122,Exception,2025-09-01,Monday,False,,,
EMP-00076,Exception,2026-01-03,Saturday,False,,,
EMP-00066,Exception,2025-09-30,Tuesday,False,,,
EMP-00012,Exception,2025-12-05,Friday,False,,,
EMP-00071,Exception,2026-05-16,Saturday,False,,,
EMP-00070,Exception,2025-10-29,Wednesday,False,,,
EMP-00040,Exception,2026-03-11,Wednesday,False,,,
EMP-00066,Exception,2026-06-25,Thursday,False,,,
EMP-00066,Exception,2026-02-23,Monday,False,,,
EMP-00010,Exception,2025-10-10,Friday,False,,,
EMP-00128,Exception,2025-12-04,Thursday,False,,,
EMP-00064,Exception,2026-03-03,Tuesday,False,,,
EMP-00009,Exception,2026-02-01,Sunday,False,,,
EMP-00052,Exception,2025-09-24,Wednesday,False,,,
EMP-00063,Exception,2026-01-10,Saturday,False,,,
EMP-00028,Exception,2026-02-14,Saturday,False,,,
EMP-00112,Exception,2025-11-06,Thursday,False,,,
EMP-00145,Exception,2026-03-11,Wednesday,False,,,
EMP-00116,Exception,2025-08-26,Tuesday,False,,,
EMP-00116,Exception,2025-12-01,Monday,False,,,
EMP-00107,Exception,2026-05-20,Wednesday,False,,,
EMP-00038,Exception,2025-11-03,Monday,False,,,
EMP-00009,Exception,2026-03-09,Monday,False,,,
