location_id,service_type_id,month_start_date,appointments,avg_satisfaction,avg_quality_score,incident_count,cancelled_count,goals_achieved_count
LOC-05,SVC-02,2025-08-01,11,4.14,81.41999999999999,0.0,5.0,5.0
LOC-05,SVC-01,2025-08-01,15,4.25,78.41250000000001,0.0,5.0,6.0
LOC-07,SVC-07,2025-08-01,7,3.7399999999999998,80.52,0.0,2.0,4.0
LOC-06,SVC-03,2025-08-01,3,3.95,69.25,0.0,0.0,2.0
LOC-07,SVC-02,2025-08-01,9,4.033333333333334,88.375,1.0,3.0,4.0
LOC-04,SVC-05,2025-08-01,5,4.3,89.8,0.0,1.0,3.0
LOC-06,SVC-01,2025-08-01,13,4.340000000000001,76.88333333333334,0.0,4.0,5.0
LOC-02,SVC-01,2025-08-01,8,4.3500000000000005,80.26666666666667,0.0,2.0,3.0
LOC-04,SVC-09,2025-08-01,6,3.7599999999999993,82.0,0.0,1.0,5.0
LOC-01,SVC-03,2025-08-01,6,3.9749999999999996,81.975,0.0,2.0,4.0
LOC-01,SVC-06,2025-08-01,9,4.36,84.84,0.0,2.0,5.0
LOC-10,SVC-07,2025-08-01,3,4.8,85.2,0.0,2.0,1.0
LOC-05,SVC-06,2025-08-01,4,,73.1,0.0,3.0,0.0
LOC-05,SVC-09,2025-08-01,2,3.7,72.4,0.0,1.0,0.0
LOC-09,SVC-05,2025-08-01,8,4.475,85.5,0.0,2.0,4.0
LOC-03,SVC-08,2025-08-01,6,3.925,85.76000000000002,0.0,1.0,5.0
LOC-08,SVC-08,2025-08-01,5,4.2,81.33333333333333,0.0,2.0,3.0
LOC-10,SVC-08,2025-08-01,4,4.199999999999999,89.93333333333334,0.0,0.0,3.0
LOC-03,SVC-07,2025-08-01,6,4.533333333333333,75.1,0.0,1.0,4.0
LOC-03,SVC-01,2025-08-01,14,4.581818181818182,81.01666666666667,1.0,1.0,11.0
LOC-09,SVC-07,2025-09-01,3,,,0.0,3.0,0.0
LOC-01,SVC-02,2025-09-01,9,3.5333333333333337,86.55,0.0,2.0,2.0
LOC-04,SVC-02,2025-09-01,5,4.2,78.25,0.0,3.0,2.0
LOC-03,SVC-05,2025-09-01,8,3.8166666666666664,86.71428571428571,0.0,1.0,5.0
LOC-08,SVC-07,2025-09-01,6,3.7249999999999996,77.1,0.0,1.0,3.0
LOC-02,SVC-07,2025-09-01,6,4.175,81.725,0.0,1.0,3.0
LOC-08,SVC-03,2025-09-01,1,,,0.0,1.0,0.0
LOC-03,SVC-03,2025-09-01,8,4.35,82.6,0.0,2.0,1.0
LOC-01,SVC-01,2025-09-01,9,4.214285714285714,88.58749999999999,0.0,0.0,7.0
LOC-07,SVC-03,2025-09-01,4,4.4,79.1,0.0,1.0,1.0
LOC-10,SVC-01,2025-10-01,10,3.8600000000000003,75.6857142857143,0.0,3.0,6.0
LOC-09,SVC-09,2025-10-01,3,3.7,71.7,0.0,1.0,1.0
LOC-04,SVC-07,2025-10-01,4,3.5,72.3,0.0,1.0,1.0
LOC-04,SVC-01,2025-10-01,8,3.975,75.6,0.0,3.0,4.0
LOC-03,SVC-02,2025-10-01,5,4.050000000000001,85.36666666666667,0.0,2.0,3.0
LOC-09,SVC-03,2025-10-01,4,4.449999999999999,92.7,0.0,1.0,1.0
LOC-08,SVC-01,2025-10-01,17,4.342857142857143,81.77142857142857,0.0,4.0,7.0
LOC-10,SVC-06,2025-10-01,5,4.766666666666667,83.89999999999999,0.0,0.0,2.0
LOC-02,SVC-05,2025-10-01,2,,,0.0,1.0,0.0
LOC-06,SVC-05,2025-10-01,11,4.2,86.15,1.0,1.0,7.0
LOC-01,SVC-09,2025-10-01,5,4.3999999999999995,84.1,0.0,1.0,1.0
LOC-02,SVC-09,2025-10-01,4,3.5,77.69999999999999,0.0,2.0,2.0
LOC-10,SVC-02,2025-10-01,8,3.5,81.15,0.0,4.0,2.0
LOC-09,SVC-01,2025-10-01,8,4.2,84.11666666666666,0.0,1.0,4.0
LOC-07,SVC-09,2025-10-01,2,5.0,71.1,0.0,1.0,1.0
LOC-02,SVC-06,2025-10-01,8,4.6,85.125,0.0,0.0,4.0
LOC-08,SVC-05,2025-10-01,8,4.833333333333333,92.56666666666668,0.0,2.0,3.0
LOC-03,SVC-02,2025-11-01,6,3.8499999999999996,88.26666666666665,0.0,3.0,3.0
LOC-09,SVC-01,2025-11-01,19,4.461538461538462,81.95333333333335,0.0,3.0,12.0
LOC-08,SVC-05,2025-11-01,7,4.775,83.77499999999999,0.0,2.0,4.0
LOC-04,SVC-01,2025-11-01,12,3.866666666666667,84.26666666666667,0.0,1.0,8.0
LOC-04,SVC-06,2025-11-01,6,4.8,78.85,0.0,2.0,4.0
LOC-06,SVC-05,2025-11-01,7,4.2,79.49999999999999,1.0,3.0,1.0
LOC-10,SVC-06,2025-11-01,3,4.0,91.5,0.0,2.0,0.0
LOC-08,SVC-01,2025-11-01,8,4.28,85.17999999999999,0.0,1.0,4.0
LOC-10,SVC-01,2025-11-01,17,4.191666666666667,81.9076923076923,0.0,3.0,10.0
LOC-02,SVC-06,2025-11-01,3,,,0.0,2.0,0.0
LOC-01,SVC-09,2025-11-01,4,4.733333333333333,83.93333333333334,0.0,1.0,3.0
LOC-04,SVC-07,2025-11-01,4,4.4,83.16666666666667,0.0,1.0,3.0
LOC-09,SVC-09,2025-11-01,4,3.5,80.99999999999999,0.0,1.0,2.0
LOC-06,SVC-07,2025-09-01,7,3.6833333333333336,77.55,0.0,0.0,6.0
LOC-10,SVC-03,2025-09-01,3,4.066666666666666,83.93333333333332,0.0,0.0,2.0
LOC-07,SVC-08,2025-09-01,3,4.3,85.56666666666666,0.0,0.0,2.0
LOC-05,SVC-07,2025-09-01,5,4.125,85.61999999999999,0.0,0.0,5.0
LOC-03,SVC-04,2025-09-01,2,3.7,83.0,0.0,0.0,2.0
LOC-04,SVC-08,2025-09-01,2,3.9,77.6,0.0,0.0,1.0
LOC-05,SVC-04,2025-09-01,3,4.266666666666667,88.3,0.0,0.0,3.0
LOC-05,SVC-08,2025-09-01,2,5.0,84.9,0.0,0.0,1.0
LOC-10,SVC-05,2025-10-01,7,4.166666666666667,79.34285714285714,0.0,0.0,6.0
LOC-04,SVC-04,2025-10-01,3,4.5,82.10000000000001,0.0,0.0,3.0
LOC-02,SVC-04,2025-10-01,5,4.1499999999999995,86.08,0.0,0.0,5.0
LOC-01,SVC-04,2025-10-01,2,3.4,82.7,0.0,0.0,2.0
LOC-09,SVC-04,2025-10-01,2,3.1,82.30000000000001,0.0,0.0,2.0
LOC-02,SVC-09,2025-11-01,5,3.6800000000000006,76.2,0.0,0.0,2.0
LOC-02,SVC-05,2025-11-01,5,4.26,78.9,0.0,0.0,4.0
LOC-01,SVC-04,2025-11-01,3,3.9,75.94999999999999,0.0,0.0,1.0
LOC-10,SVC-05,2025-11-01,3,3.45,70.65,0.0,0.0,1.0
LOC-09,SVC-04,2025-11-01,2,4.1,85.35,0.0,0.0,2.0
LOC-07,SVC-09,2025-11-01,2,3.7,86.4,0.0,0.0,2.0
LOC-09,SVC-03,2025-11-01,3,4.7,85.75,0.0,0.0,2.0
LOC-02,SVC-04,2025-11-01,3,4.75,83.85,0.0,0.0,2.0
LOC-01,SVC-02,2025-12-01,10,4.357142857142857,85.43750000000001,0.0,2.0,6.0
LOC-01,SVC-01,2025-12-01,9,3.9799999999999995,86.84,0.0,2.0,4.0
LOC-04,SVC-02,2025-12-01,6,4.033333333333333,76.43333333333334,0.0,3.0,3.0
LOC-02,SVC-07,2025-12-01,5,3.5666666666666664,78.56666666666666,0.0,1.0,0.0
LOC-05,SVC-07,2025-12-01,5,4.366666666666666,79.56666666666666,0.0,1.0,3.0
LOC-03,SVC-05,2025-12-01,10,3.8,84.45,0.0,1.0,7.0
LOC-08,SVC-07,2025-12-01,6,4.18,80.94,0.0,0.0,3.0
LOC-09,SVC-06,2025-12-01,3,3.7,83.2,0.0,2.0,1.0
LOC-03,SVC-03,2025-12-01,9,4.5,83.16,0.0,4.0,4.0
LOC-10,SVC-03,2025-12-01,4,3.9666666666666672,81.33333333333333,0.0,1.0,3.0
LOC-06,SVC-07,2025-12-01,7,3.8,88.16,0.0,2.0,5.0
LOC-07,SVC-03,2025-12-01,5,4.4750000000000005,88.07499999999999,0.0,0.0,4.0
LOC-05,SVC-04,2025-12-01,5,4.175,82.47500000000001,0.0,1.0,4.0
LOC-09,SVC-07,2025-12-01,7,4.279999999999999,89.33333333333333,0.0,1.0,6.0
LOC-08,SVC-03,2025-12-01,7,4.14,80.61666666666666,0.0,1.0,6.0
LOC-10,SVC-04,2025-12-01,3,3.7,83.75,0.0,0.0,2.0
LOC-09,SVC-05,2026-01-01,7,3.95,83.55,0.0,3.0,3.0
LOC-06,SVC-01,2026-01-01,11,4.62,83.52000000000001,0.0,5.0,4.0
LOC-05,SVC-01,2026-01-01,8,4.0,76.1,0.0,2.0,4.0
LOC-03,SVC-01,2026-01-01,8,4.128571428571428,84.64285714285714,0.0,0.0,7.0
LOC-02,SVC-01,2026-01-01,10,3.983333333333333,74.38571428571429,0.0,2.0,7.0
LOC-07,SVC-02,2026-01-01,7,4.7,84.5,0.0,5.0,2.0
LOC-01,SVC-06,2026-01-01,7,4.55,78.375,0.0,2.0,3.0
LOC-06,SVC-03,2026-01-01,8,4.266666666666667,80.89999999999999,0.0,1.0,4.0
LOC-07,SVC-07,2026-01-01,4,4.65,77.55,0.0,0.0,2.0
LOC-10,SVC-07,2026-01-01,10,3.942857142857143,81.64285714285714,0.0,2.0,6.0
LOC-06,SVC-04,2026-01-01,8,3.7750000000000004,80.13333333333334,0.0,0.0,4.0
LOC-10,SVC-08,2026-01-01,4,4.066666666666666,94.60000000000001,0.0,0.0,3.0
LOC-05,SVC-02,2026-01-01,11,4.58,81.86666666666667,0.0,3.0,5.0
LOC-05,SVC-09,2026-01-01,3,4.05,90.5,0.0,1.0,2.0
LOC-07,SVC-08,2026-02-01,1,,,0.0,0.0,0.0
LOC-09,SVC-07,2026-02-01,4,3.9,75.7,0.0,2.0,0.0
LOC-03,SVC-05,2026-02-01,7,4.539999999999999,75.74000000000001,0.0,2.0,4.0
LOC-04,SVC-02,2026-02-01,5,3.9,79.3,0.0,1.0,2.0
LOC-05,SVC-08,2026-02-01,4,3.0,96.0,1.0,2.0,1.0
LOC-08,SVC-07,2026-02-01,2,,,0.0,2.0,0.0
LOC-10,SVC-04,2026-02-01,9,3.9200000000000004,78.38,1.0,2.0,5.0
LOC-07,SVC-03,2026-02-01,5,4.733333333333333,91.96666666666665,0.0,1.0,3.0
LOC-10,SVC-03,2026-02-01,5,4.5,84.6,0.0,1.0,3.0
LOC-08,SVC-03,2026-02-01,6,4.2,90.15,0.0,3.0,2.0
LOC-06,SVC-07,2026-02-01,7,3.9500000000000006,85.65000000000002,0.0,1.0,3.0
LOC-05,SVC-04,2026-02-01,4,3.7999999999999994,78.93333333333334,0.0,1.0,3.0
LOC-01,SVC-01,2026-02-01,11,4.242857142857143,80.7875,0.0,2.0,4.0
LOC-02,SVC-07,2026-02-01,3,3.8,83.7,0.0,1.0,2.0
LOC-09,SVC-06,2026-03-01,6,3.35,81.06666666666666,0.0,3.0,2.0
LOC-05,SVC-07,2026-03-01,5,4.3,89.125,0.0,0.0,3.0
LOC-07,SVC-08,2026-03-01,6,4.36,83.96,0.0,1.0,5.0
LOC-08,SVC-03,2026-03-01,4,4.7,99.95,0.0,1.0,2.0
LOC-03,SVC-04,2026-03-01,5,4.3999999999999995,85.63333333333333,0.0,1.0,3.0
LOC-04,SVC-02,2026-03-01,8,4.55,75.75,0.0,4.0,2.0
LOC-02,SVC-07,2026-03-01,7,3.5666666666666664,83.53333333333335,1.0,4.0,2.0
LOC-01,SVC-02,2026-03-01,4,4.0,84.85,0.0,2.0,1.0
LOC-01,SVC-01,2026-03-01,13,4.24,82.79090909090907,0.0,1.0,10.0
LOC-10,SVC-03,2026-03-01,3,4.65,82.1,0.0,1.0,2.0
LOC-08,SVC-07,2026-03-01,4,4.15,84.0,0.0,1.0,1.0
LOC-03,SVC-05,2026-03-01,8,4.26,79.1,0.0,1.0,4.0
LOC-09,SVC-07,2026-03-01,4,4.95,80.4,0.0,2.0,1.0
LOC-04,SVC-04,2025-11-01,3,3.8000000000000003,86.59999999999998,0.0,0.0,3.0
LOC-10,SVC-02,2025-11-01,1,3.4,89.3,0.0,0.0,0.0
LOC-07,SVC-08,2025-12-01,2,3.8,81.35,0.0,0.0,2.0
LOC-04,SVC-08,2025-12-01,2,3.8,96.05,0.0,0.0,2.0
LOC-05,SVC-08,2025-12-01,2,3.8,86.6,0.0,0.0,2.0
LOC-01,SVC-03,2026-01-01,4,3.9,82.85,1.0,0.0,4.0
LOC-03,SVC-07,2026-01-01,1,4.0,87.5,0.0,0.0,1.0
LOC-03,SVC-08,2026-01-01,6,4.5,83.68333333333332,0.0,0.0,6.0
LOC-08,SVC-08,2026-01-01,3,4.466666666666667,70.53333333333333,0.0,0.0,3.0
LOC-04,SVC-05,2026-01-01,7,4.24,84.54,0.0,0.0,4.0
LOC-05,SVC-06,2026-01-01,1,4.9,82.2,0.0,0.0,0.0
LOC-03,SVC-03,2026-02-01,3,4.2,83.93333333333334,0.0,0.0,2.0
LOC-05,SVC-07,2026-02-01,4,4.225,78.0,0.0,0.0,3.0
LOC-01,SVC-02,2026-02-01,2,4.5,89.69999999999999,0.0,0.0,2.0
LOC-03,SVC-04,2026-02-01,4,4.333333333333333,78.05,0.0,0.0,4.0
LOC-09,SVC-06,2026-02-01,4,4.3,84.02499999999999,0.0,0.0,4.0
LOC-03,SVC-03,2026-03-01,8,3.900000000000001,79.0125,0.0,0.0,8.0
LOC-05,SVC-08,2026-03-01,4,3.8666666666666667,73.575,0.0,0.0,4.0
LOC-10,SVC-04,2026-03-01,5,3.9000000000000004,86.475,0.0,0.0,3.0
LOC-06,SVC-07,2026-03-01,5,3.8499999999999996,76.74,0.0,0.0,5.0
LOC-04,SVC-08,2026-03-01,3,4.133333333333334,85.73333333333333,0.0,0.0,3.0
LOC-04,SVC-08,2026-02-01,1,,,0.0,0.0,0.0
LOC-07,SVC-03,2026-03-01,4,,74.9,0.0,1.0,1.0
LOC-05,SVC-04,2026-03-01,3,5.0,80.1,0.0,0.0,0.0
LOC-09,SVC-02,2026-04-01,10,4.0,83.44,0.0,3.0,5.0
LOC-07,SVC-01,2026-04-01,9,4.14,80.84,0.0,2.0,5.0
LOC-03,SVC-09,2026-04-01,2,,,0.0,1.0,0.0
LOC-06,SVC-02,2026-04-01,7,4.26,83.8,0.0,1.0,5.0
LOC-02,SVC-02,2026-04-01,6,,67.8,0.0,4.0,1.0
LOC-01,SVC-05,2026-04-01,13,4.3,79.44444444444446,0.0,3.0,9.0
LOC-03,SVC-06,2026-04-01,3,3.7,88.1,0.0,1.0,0.0
LOC-10,SVC-09,2026-04-01,4,3.5,71.15,0.0,1.0,2.0
LOC-01,SVC-07,2026-04-01,5,4.0,84.1,0.0,2.0,2.0
LOC-02,SVC-03,2026-04-01,8,4.525,80.96000000000001,0.0,0.0,5.0
LOC-07,SVC-05,2026-04-01,5,4.3999999999999995,76.575,1.0,1.0,3.0
LOC-07,SVC-06,2026-04-01,8,3.466666666666667,89.825,0.0,4.0,3.0
LOC-08,SVC-06,2026-04-01,6,4.4,89.5,0.0,2.0,1.0
LOC-05,SVC-03,2026-04-01,3,2.7,82.9,0.0,1.0,1.0
LOC-09,SVC-08,2026-04-01,4,3.7,74.73333333333333,0.0,1.0,1.0
LOC-08,SVC-02,2026-04-01,4,4.15,77.95,0.0,2.0,1.0
LOC-04,SVC-03,2026-04-01,3,,83.4,0.0,0.0,1.0
LOC-10,SVC-04,2026-05-01,8,3.7,93.8,0.0,3.0,2.0
LOC-06,SVC-06,2026-04-01,2,4.8,78.1,0.0,1.0,1.0
LOC-05,SVC-05,2026-04-01,7,4.25,79.76666666666667,0.0,1.0,5.0
LOC-03,SVC-05,2026-05-01,13,4.0200000000000005,88.0090909090909,0.0,1.0,10.0
LOC-05,SVC-07,2026-05-01,6,3.733333333333333,90.39999999999999,0.0,3.0,3.0
LOC-01,SVC-02,2026-05-01,8,4.2,74.8,0.0,6.0,1.0
LOC-01,SVC-01,2026-05-01,17,4.314285714285714,82.1,0.0,5.0,9.0
LOC-08,SVC-07,2026-05-01,5,4.35,81.85,0.0,0.0,3.0
LOC-09,SVC-06,2026-05-01,7,3.8333333333333335,77.43333333333334,0.0,2.0,1.0
LOC-05,SVC-04,2026-05-01,10,4.583333333333333,79.93333333333334,0.0,3.0,4.0
LOC-07,SVC-08,2026-05-01,5,4.566666666666666,76.76666666666667,0.0,2.0,3.0
LOC-07,SVC-03,2026-05-01,9,3.9749999999999996,78.26666666666667,0.0,3.0,5.0
LOC-10,SVC-03,2026-05-01,7,4.083333333333333,80.35,0.0,1.0,6.0
LOC-03,SVC-03,2026-05-01,5,4.466666666666666,82.86666666666667,0.0,2.0,3.0
LOC-08,SVC-03,2026-05-01,4,4.033333333333333,83.56666666666668,0.0,1.0,3.0
LOC-04,SVC-02,2026-05-01,3,4.2,86.3,0.0,1.0,1.0
LOC-06,SVC-07,2026-05-01,7,4.4799999999999995,84.47999999999999,1.0,1.0,5.0
LOC-08,SVC-06,2026-06-01,8,4.2,88.82000000000002,0.0,3.0,3.0
LOC-07,SVC-04,2026-06-01,13,4.324999999999999,80.02000000000001,0.0,4.0,4.0
LOC-06,SVC-02,2026-06-01,8,3.8199999999999994,82.22,0.0,2.0,4.0
LOC-08,SVC-02,2026-06-01,14,3.7249999999999996,81.1,0.0,5.0,3.0
LOC-03,SVC-06,2026-06-01,7,4.3999999999999995,81.33333333333333,0.0,3.0,3.0
LOC-06,SVC-06,2026-06-01,7,4.566666666666666,82.03333333333335,0.0,2.0,2.0
LOC-07,SVC-05,2026-06-01,10,3.9250000000000003,79.45,0.0,3.0,3.0
LOC-02,SVC-03,2026-06-01,6,4.1000000000000005,86.13333333333333,0.0,1.0,3.0
LOC-05,SVC-05,2026-06-01,11,4.075,79.75555555555556,1.0,2.0,6.0
LOC-07,SVC-01,2026-06-01,17,4.183333333333333,79.47500000000001,0.0,4.0,7.0
LOC-06,SVC-09,2026-06-01,3,4.6,87.1,0.0,0.0,2.0
LOC-01,SVC-07,2026-06-01,7,3.2999999999999994,81.15,0.0,3.0,4.0
LOC-07,SVC-06,2026-06-01,5,4.1,69.5,0.0,3.0,1.0
LOC-02,SVC-08,2026-06-01,3,3.5,84.35,0.0,0.0,2.0
LOC-01,SVC-05,2026-06-01,3,5.0,95.4,0.0,2.0,1.0
LOC-03,SVC-09,2026-06-01,6,4.1,81.93333333333332,0.0,2.0,2.0
LOC-08,SVC-04,2026-06-01,5,4.45,76.6,0.0,1.0,2.0
LOC-06,SVC-08,2026-06-01,3,4.55,79.95,0.0,1.0,2.0
LOC-02,SVC-02,2026-06-01,9,3.833333333333334,81.51666666666667,1.0,2.0,4.0
LOC-09,SVC-02,2026-06-01,7,3.8666666666666667,78.2,0.0,3.0,3.0
LOC-04,SVC-03,2026-06-01,7,4.319999999999999,84.8,0.0,2.0,3.0
LOC-10,SVC-09,2026-06-01,8,4.516666666666667,88.15714285714286,0.0,0.0,7.0
LOC-09,SVC-07,2026-07-01,7,4.45,74.9,0.0,3.0,2.0
LOC-08,SVC-09,2026-04-01,7,4.220000000000001,81.41428571428571,0.0,0.0,5.0
LOC-08,SVC-04,2026-04-01,5,4.220000000000001,86.58,0.0,0.0,4.0
LOC-02,SVC-08,2026-04-01,3,3.8000000000000003,73.73333333333333,0.0,0.0,3.0
LOC-06,SVC-09,2026-04-01,4,4.166666666666666,83.55000000000001,0.0,0.0,4.0
LOC-01,SVC-08,2026-04-01,3,4.0,82.66666666666667,0.0,0.0,2.0
LOC-07,SVC-04,2026-04-01,2,,87.5,0.0,0.0,1.0
LOC-06,SVC-08,2026-04-01,1,4.2,64.6,0.0,0.0,1.0
LOC-02,SVC-07,2026-05-01,6,4.5,78.64999999999999,0.0,0.0,6.0
LOC-09,SVC-07,2026-05-01,4,4.75,80.07499999999999,0.0,0.0,3.0
LOC-05,SVC-08,2026-05-01,3,4.133333333333334,87.13333333333333,0.0,0.0,2.0
LOC-03,SVC-04,2026-05-01,3,3.45,71.25,0.0,0.0,2.0
LOC-04,SVC-08,2026-05-01,1,5.0,87.6,0.0,0.0,1.0
LOC-05,SVC-03,2026-06-01,6,3.9666666666666663,86.16666666666667,0.0,0.0,4.0
LOC-01,SVC-08,2026-06-01,5,4.466666666666666,78.3,0.0,0.0,3.0
LOC-08,SVC-09,2026-06-01,2,4.4,92.8,0.0,0.0,2.0
LOC-04,SVC-02,2026-07-01,11,3.0,85.26666666666667,0.0,3.0,2.0
LOC-10,SVC-04,2026-07-01,8,4.56,78.67999999999999,0.0,2.0,5.0
LOC-08,SVC-03,2026-07-01,7,3.6,78.39999999999999,1.0,3.0,4.0
LOC-09,SVC-06,2026-07-01,4,4.3,78.2,0.0,3.0,1.0
LOC-03,SVC-05,2026-07-01,10,4.485714285714286,78.75714285714287,1.0,2.0,5.0
LOC-05,SVC-08,2026-07-01,3,3.05,75.3,0.0,0.0,2.0
LOC-01,SVC-01,2026-07-01,16,3.890909090909091,87.60000000000001,0.0,2.0,10.0
LOC-02,SVC-07,2026-07-01,5,4.2,87.02499999999999,0.0,1.0,4.0
LOC-10,SVC-03,2026-07-01,8,4.3500000000000005,80.76666666666667,0.0,1.0,6.0
LOC-07,SVC-03,2026-07-01,11,4.3,75.84285714285714,0.0,4.0,5.0
LOC-04,SVC-08,2026-07-01,1,,,0.0,0.0,0.0
LOC-05,SVC-07,2026-07-01,2,4.6,67.1,0.0,1.0,1.0
LOC-05,SVC-04,2026-07-01,3,4.5,96.6,0.0,0.0,2.0
LOC-01,SVC-02,2026-07-01,4,4.15,80.1,0.0,1.0,2.0
LOC-03,SVC-03,2026-07-01,7,4.075,85.30000000000001,0.0,1.0,4.0
LOC-08,SVC-07,2026-07-01,4,4.333333333333333,81.06666666666668,0.0,0.0,2.0
LOC-07,SVC-08,2026-07-01,4,4.550000000000001,95.05,0.0,0.0,2.0
LOC-06,SVC-07,2026-07-01,4,3.775,73.4,0.0,0.0,4.0
LOC-03,SVC-04,2026-07-01,1,,67.3,0.0,0.0,1.0
LOC-08,SVC-06,2026-08-01,1,3.5,100.0,0.0,0.0,0.0
LOC-09,SVC-02,2026-08-01,1,4.5,100.0,0.0,0.0,1.0
LOC-04,SVC-03,2026-08-01,1,3.7,94.8,0.0,0.0,1.0
LOC-01,SVC-05,2026-08-01,1,4.9,87.5,0.0,0.0,1.0
LOC-06,SVC-08,2026-08-01,1,5.0,74.7,0.0,0.0,1.0
LOC-01,SVC-07,2026-08-01,1,,,0.0,0.0,0.0
LOC-01,SVC-07,2025-08-01,5,3.4,72.0,0.0,2.0,0.0
LOC-06,SVC-02,2025-08-01,9,3.9,84.6,0.0,6.0,0.0
LOC-06,SVC-06,2025-08-01,5,,79.75,0.0,2.0,1.0
LOC-08,SVC-02,2025-08-01,8,4.7,84.425,1.0,4.0,4.0
LOC-07,SVC-05,2025-08-01,8,4.275,80.92,0.0,2.0,3.0
LOC-07,SVC-06,2025-08-01,2,,,0.0,1.0,0.0
LOC-08,SVC-06,2025-08-01,7,3.85,79.9,0.0,3.0,1.0
LOC-09,SVC-02,2025-08-01,6,4.225,84.875,0.0,2.0,4.0
LOC-06,SVC-08,2025-08-01,4,3.9,76.45,0.0,1.0,1.0
LOC-05,SVC-05,2025-08-01,2,4.6,93.3,0.0,0.0,1.0
LOC-03,SVC-06,2025-08-01,4,4.0,75.46666666666665,0.0,1.0,3.0
LOC-01,SVC-05,2025-08-01,9,3.766666666666667,77.79999999999998,1.0,2.0,6.0
LOC-02,SVC-02,2025-08-01,6,3.8,83.16666666666667,0.0,2.0,3.0
LOC-06,SVC-09,2025-08-01,4,4.333333333333333,81.63333333333333,0.0,0.0,2.0
LOC-08,SVC-04,2025-08-01,2,,,0.0,1.0,0.0
LOC-01,SVC-08,2025-08-01,3,4.1,73.3,0.0,2.0,1.0
LOC-04,SVC-03,2025-08-01,3,4.4,72.2,1.0,2.0,1.0
LOC-07,SVC-04,2025-08-01,2,2.6,84.7,0.0,0.0,1.0
LOC-07,SVC-01,2025-08-01,9,4.133333333333334,85.38571428571427,1.0,2.0,7.0
LOC-03,SVC-02,2025-09-01,9,3.925,83.64999999999999,0.0,2.0,1.0
LOC-08,SVC-01,2025-09-01,14,4.2666666666666675,80.27777777777779,0.0,2.0,7.0
LOC-06,SVC-05,2025-09-01,8,4.633333333333334,84.4,0.0,3.0,3.0
LOC-10,SVC-05,2025-09-01,5,3.7,86.45,0.0,2.0,2.0
LOC-04,SVC-06,2025-09-01,5,,,0.0,4.0,0.0
LOC-10,SVC-02,2025-09-01,9,4.516666666666667,86.33333333333333,0.0,2.0,6.0
LOC-10,SVC-01,2025-09-01,9,4.333333333333333,84.6,0.0,2.0,2.0
LOC-09,SVC-01,2025-09-01,17,4.0,85.03636363636363,0.0,4.0,9.0
LOC-10,SVC-06,2025-09-01,4,4.5,78.4,0.0,3.0,1.0
LOC-09,SVC-04,2025-09-01,3,4.25,72.44999999999999,0.0,1.0,2.0
LOC-08,SVC-05,2025-09-01,8,3.7399999999999998,78.32,0.0,3.0,4.0
LOC-01,SVC-04,2025-09-01,4,4.2,74.7,0.0,2.0,1.0
LOC-02,SVC-06,2025-09-01,7,3.6999999999999997,82.96,0.0,1.0,3.0
LOC-02,SVC-05,2025-09-01,8,4.0,78.64285714285714,0.0,1.0,6.0
LOC-02,SVC-04,2025-09-01,6,4.625,77.75,1.0,1.0,4.0
LOC-09,SVC-09,2025-09-01,6,3.8200000000000003,81.55999999999999,0.0,1.0,5.0
LOC-07,SVC-09,2025-09-01,4,4.7,94.8,0.0,2.0,1.0
LOC-04,SVC-07,2025-09-01,5,4.1,80.0,0.0,0.0,4.0
LOC-01,SVC-01,2025-10-01,15,4.25,83.16666666666666,0.0,3.0,9.0
LOC-09,SVC-06,2025-10-01,3,3.9000000000000004,76.6,0.0,1.0,2.0
LOC-04,SVC-02,2025-10-01,8,4.050000000000001,80.875,1.0,4.0,4.0
LOC-03,SVC-05,2025-10-01,12,4.1,86.78,0.0,4.0,4.0
LOC-08,SVC-07,2025-10-01,4,4.3,84.35,0.0,2.0,1.0
LOC-08,SVC-03,2025-10-01,3,4.05,84.0,0.0,0.0,2.0
LOC-03,SVC-03,2025-10-01,5,4.3999999999999995,80.275,1.0,1.0,3.0
LOC-10,SVC-03,2025-10-01,9,4.36,84.72,0.0,3.0,5.0
LOC-05,SVC-07,2025-10-01,6,4.425,80.975,0.0,1.0,4.0
LOC-01,SVC-02,2025-10-01,4,4.266666666666667,76.53333333333333,0.0,1.0,3.0
LOC-06,SVC-07,2025-10-01,4,4.666666666666667,80.3,0.0,1.0,2.0
LOC-01,SVC-01,2025-11-01,13,4.033333333333332,81.10000000000001,0.0,4.0,6.0
LOC-05,SVC-04,2025-11-01,5,4.0,80.025,0.0,0.0,2.0
LOC-01,SVC-02,2025-11-01,5,5.0,87.5,0.0,3.0,2.0
LOC-09,SVC-06,2025-11-01,3,3.5,83.2,0.0,0.0,1.0
LOC-04,SVC-02,2025-11-01,7,4.65,77.19999999999999,0.0,3.0,2.0
LOC-10,SVC-03,2025-11-01,7,4.375,81.975,0.0,2.0,4.0
LOC-08,SVC-07,2025-11-01,6,4.2,85.725,0.0,2.0,3.0
LOC-03,SVC-04,2025-11-01,10,4.0625,86.25,0.0,1.0,7.0
LOC-05,SVC-07,2025-11-01,6,3.8,88.25,0.0,2.0,2.0
LOC-03,SVC-03,2025-11-01,5,4.4,75.95,0.0,1.0,2.0
LOC-07,SVC-08,2025-11-01,4,4.25,69.33333333333333,0.0,1.0,2.0
LOC-02,SVC-07,2025-11-01,7,3.84,79.08333333333333,0.0,1.0,4.0
LOC-03,SVC-09,2025-08-01,3,4.75,89.65,0.0,0.0,1.0
LOC-02,SVC-03,2025-08-01,6,4.5,82.33333333333333,0.0,0.0,3.0
LOC-10,SVC-09,2025-08-01,2,4.5,86.4,0.0,0.0,2.0
LOC-08,SVC-09,2025-08-01,2,3.95,71.25,0.0,0.0,2.0
LOC-02,SVC-08,2025-08-01,6,4.3,80.11999999999999,0.0,0.0,4.0
LOC-09,SVC-08,2025-08-01,1,4.6,87.3,0.0,0.0,1.0
LOC-05,SVC-03,2025-08-01,1,3.6,74.8,0.0,0.0,1.0
LOC-04,SVC-01,2025-09-01,8,4.366666666666666,76.31666666666666,0.0,0.0,5.0
LOC-09,SVC-03,2025-09-01,2,3.35,86.15,0.0,0.0,1.0
LOC-04,SVC-04,2025-09-01,2,4.2,88.35,0.0,0.0,2.0
LOC-01,SVC-09,2025-09-01,3,3.5999999999999996,92.05,0.0,0.0,1.0
LOC-02,SVC-09,2025-09-01,1,4.6,76.5,0.0,0.0,1.0
LOC-10,SVC-04,2025-10-01,3,4.2,90.80000000000001,0.0,0.0,2.0
LOC-04,SVC-08,2025-10-01,3,4.933333333333334,81.76666666666667,0.0,0.0,3.0
LOC-02,SVC-07,2025-10-01,11,4.5,90.15,0.0,0.0,10.0
LOC-03,SVC-04,2025-10-01,2,4.85,100.0,0.0,0.0,2.0
LOC-07,SVC-08,2025-10-01,2,4.4,81.9,0.0,0.0,2.0
LOC-09,SVC-07,2025-10-01,5,3.999999999999999,83.58000000000001,0.0,0.0,5.0
LOC-07,SVC-03,2025-10-01,5,4.075,81.175,0.0,0.0,4.0
LOC-05,SVC-04,2025-10-01,3,4.05,85.83333333333333,0.0,0.0,3.0
LOC-05,SVC-08,2025-10-01,1,4.2,84.5,0.0,0.0,1.0
LOC-08,SVC-03,2025-11-01,5,3.5,74.55,0.0,0.0,3.0
LOC-06,SVC-07,2025-11-01,4,4.0,87.65,0.0,0.0,4.0
LOC-10,SVC-04,2025-11-01,5,4.166666666666667,82.35,0.0,0.0,3.0
LOC-05,SVC-08,2025-11-01,2,3.2,93.8,0.0,0.0,2.0
LOC-09,SVC-07,2025-11-01,6,4.5,88.74,0.0,0.0,5.0
LOC-07,SVC-03,2025-11-01,5,4.15,77.2,0.0,2.0,2.0
LOC-03,SVC-05,2025-11-01,6,4.383333333333333,78.85,0.0,0.0,5.0
LOC-01,SVC-09,2025-12-01,4,4.233333333333333,75.89999999999999,0.0,1.0,1.0
LOC-04,SVC-07,2025-12-01,4,3.85,67.0,0.0,2.0,2.0
LOC-09,SVC-03,2025-12-01,6,4.4,84.53999999999999,0.0,0.0,4.0
LOC-09,SVC-01,2025-12-01,8,4.3,82.08333333333333,1.0,1.0,5.0
LOC-10,SVC-05,2025-12-01,6,4.266666666666667,80.46666666666665,0.0,1.0,3.0
LOC-10,SVC-06,2025-12-01,7,4.8,73.45,0.0,4.0,2.0
LOC-02,SVC-05,2025-12-01,7,3.633333333333333,76.375,0.0,2.0,4.0
LOC-04,SVC-04,2025-12-01,9,4.666666666666667,74.16000000000001,0.0,2.0,4.0
LOC-03,SVC-02,2025-12-01,14,4.0,83.36666666666667,0.0,2.0,8.0
LOC-10,SVC-02,2025-12-01,4,3.4,79.35,0.0,2.0,2.0
LOC-06,SVC-05,2025-12-01,8,4.220000000000001,81.89999999999999,0.0,2.0,4.0
LOC-04,SVC-06,2025-12-01,4,4.5,72.30000000000001,0.0,1.0,2.0
LOC-09,SVC-04,2025-12-01,2,2.9,85.0,0.0,1.0,0.0
LOC-04,SVC-01,2025-12-01,12,4.225,82.3111111111111,0.0,2.0,8.0
LOC-01,SVC-04,2025-12-01,5,2.8333333333333335,86.14999999999999,0.0,0.0,4.0
LOC-02,SVC-04,2025-12-01,4,4.2,81.8,0.0,0.0,1.0
LOC-02,SVC-06,2025-12-01,7,3.7,78.88,0.0,0.0,5.0
LOC-02,SVC-09,2025-12-01,2,4.2,70.3,0.0,0.0,1.0
LOC-10,SVC-01,2025-12-01,16,3.7000000000000006,79.82307692307693,0.0,3.0,11.0
LOC-08,SVC-05,2025-12-01,4,3.7,92.95,0.0,2.0,2.0
LOC-06,SVC-02,2026-01-01,14,4.133333333333333,81.36,0.0,7.0,5.0
LOC-09,SVC-02,2026-01-01,7,4.38,81.38,0.0,2.0,5.0
LOC-08,SVC-04,2026-01-01,6,4.6,74.25,0.0,4.0,2.0
LOC-08,SVC-06,2026-01-01,4,4.800000000000001,77.25,0.0,2.0,2.0
LOC-03,SVC-06,2026-01-01,9,4.225,84.7,0.0,1.0,5.0
LOC-07,SVC-01,2026-01-01,18,4.53,80.08000000000001,0.0,7.0,6.0
LOC-07,SVC-06,2026-01-01,6,4.6,96.5,0.0,3.0,2.0
LOC-02,SVC-02,2026-01-01,5,5.0,90.5,0.0,2.0,2.0
LOC-06,SVC-06,2026-01-01,6,3.25,87.7,0.0,1.0,2.0
LOC-01,SVC-05,2026-01-01,11,4.09,79.46000000000001,0.0,1.0,7.0
LOC-05,SVC-03,2026-01-01,9,4.314285714285715,84.325,1.0,0.0,5.0
LOC-05,SVC-05,2026-01-01,7,4.4,84.17999999999999,0.0,1.0,2.0
LOC-04,SVC-03,2026-01-01,6,3.9749999999999996,83.14,0.0,0.0,5.0
LOC-07,SVC-04,2026-01-01,5,4.0,79.89999999999999,0.0,1.0,2.0
LOC-08,SVC-09,2026-01-01,8,4.38,80.12857142857145,0.0,1.0,6.0
LOC-01,SVC-08,2026-01-01,2,,,0.0,0.0,0.0
LOC-08,SVC-02,2026-01-01,7,4.5,80.94999999999999,0.0,4.0,2.0
LOC-10,SVC-05,2026-02-01,4,4.5,81.05,0.0,2.0,2.0
LOC-09,SVC-03,2026-02-01,5,4.25,69.19999999999999,0.0,1.0,2.0
LOC-03,SVC-02,2026-02-01,6,4.166666666666667,69.06666666666666,0.0,3.0,3.0
LOC-06,SVC-05,2026-02-01,15,4.325,84.58749999999999,0.0,6.0,7.0
LOC-09,SVC-04,2026-02-01,8,3.983333333333334,86.91666666666667,0.0,2.0,4.0
LOC-08,SVC-01,2026-02-01,11,4.333333333333333,81.33333333333333,0.0,1.0,9.0
LOC-09,SVC-01,2026-02-01,9,4.233333333333333,88.72857142857143,0.0,1.0,6.0
LOC-10,SVC-01,2026-02-01,14,4.0,78.64545454545454,0.0,1.0,9.0
LOC-10,SVC-06,2026-02-01,5,4.550000000000001,83.45,0.0,0.0,4.0
LOC-02,SVC-09,2026-02-01,5,4.3,86.06666666666666,0.0,2.0,2.0
LOC-08,SVC-05,2026-02-01,9,3.96,74.84,0.0,2.0,5.0
LOC-01,SVC-04,2026-02-01,4,4.6,71.6,0.0,2.0,2.0
LOC-07,SVC-09,2026-02-01,5,4.466666666666668,82.35,1.0,1.0,4.0
LOC-10,SVC-02,2026-02-01,4,4.833333333333333,76.7,0.0,1.0,3.0
LOC-02,SVC-06,2026-02-01,2,,,0.0,0.0,0.0
LOC-04,SVC-06,2026-02-01,4,4.7,73.8,0.0,2.0,2.0
LOC-04,SVC-01,2026-02-01,7,3.966666666666667,81.51666666666665,0.0,0.0,5.0
LOC-10,SVC-01,2026-03-01,18,4.26,84.27272727272727,0.0,3.0,9.0
LOC-10,SVC-02,2026-03-01,9,4.2,87.725,0.0,3.0,4.0
LOC-06,SVC-05,2026-03-01,11,4.12,78.25,0.0,3.0,6.0
LOC-10,SVC-05,2026-03-01,7,3.9,74.83333333333333,0.0,3.0,2.0
LOC-01,SVC-04,2026-03-01,7,3.8200000000000003,79.03333333333332,1.0,0.0,5.0
LOC-02,SVC-04,2026-03-01,6,4.050000000000001,82.95,0.0,0.0,3.0
LOC-02,SVC-06,2026-03-01,7,4.319999999999999,79.1,0.0,1.0,4.0
LOC-10,SVC-06,2026-03-01,6,4.266666666666667,64.76666666666667,0.0,2.0,3.0
LOC-02,SVC-05,2026-03-01,6,4.533333333333333,89.5,0.0,1.0,4.0
LOC-04,SVC-01,2026-03-01,13,4.222222222222222,83.94545454545454,0.0,1.0,9.0
LOC-09,SVC-01,2026-03-01,6,4.5,88.19999999999999,0.0,2.0,4.0
LOC-08,SVC-01,2026-03-01,12,4.25,83.88888888888889,0.0,2.0,8.0
LOC-07,SVC-09,2025-12-01,8,4.042857142857143,84.15714285714286,0.0,0.0,7.0
LOC-09,SVC-09,2025-12-01,1,4.9,81.1,0.0,0.0,1.0
LOC-08,SVC-01,2025-12-01,6,4.175,82.24000000000001,0.0,0.0,4.0
LOC-06,SVC-09,2026-01-01,4,4.133333333333333,83.025,0.0,0.0,3.0
LOC-07,SVC-05,2026-01-01,7,4.557142857142858,80.77142857142859,0.0,0.0,7.0
LOC-03,SVC-09,2026-01-01,3,3.7,78.23333333333333,0.0,0.0,2.0
LOC-02,SVC-03,2026-01-01,2,3.0,87.7,0.0,0.0,1.0
LOC-06,SVC-08,2026-01-01,5,3.5200000000000005,74.96000000000001,0.0,0.0,4.0
LOC-01,SVC-07,2026-01-01,5,4.540000000000001,81.25999999999999,0.0,0.0,5.0
LOC-02,SVC-08,2026-01-01,3,4.85,78.66666666666667,0.0,0.0,3.0
LOC-09,SVC-08,2026-01-01,2,3.7,72.2,0.0,0.0,1.0
LOC-10,SVC-09,2026-01-01,1,4.3,76.4,0.0,0.0,1.0
LOC-04,SVC-07,2026-02-01,1,4.1,76.5,0.0,0.0,1.0
LOC-02,SVC-05,2026-02-01,6,4.416666666666667,83.1,0.0,0.0,4.0
LOC-04,SVC-04,2026-02-01,1,4.7,76.4,0.0,0.0,1.0
LOC-01,SVC-09,2026-02-01,1,3.4,93.4,0.0,0.0,1.0
LOC-04,SVC-06,2026-03-01,3,4.2,71.39999999999999,0.0,0.0,3.0
LOC-09,SVC-09,2026-03-01,7,4.233333333333333,76.98333333333333,0.0,0.0,5.0
LOC-01,SVC-09,2026-03-01,1,,100.0,0.0,0.0,1.0
LOC-04,SVC-04,2026-03-01,3,3.766666666666666,75.96666666666665,0.0,0.0,2.0
LOC-02,SVC-09,2026-03-01,4,3.9250000000000003,91.35,0.0,0.0,4.0
LOC-03,SVC-02,2026-03-01,7,3.966666666666667,88.35,0.0,2.0,4.0
LOC-08,SVC-05,2026-03-01,7,3.8600000000000003,81.82000000000001,0.0,0.0,4.0
LOC-09,SVC-03,2026-03-01,6,4.55,79.17999999999999,0.0,1.0,3.0
LOC-04,SVC-07,2026-03-01,1,4.2,69.9,0.0,0.0,1.0
LOC-07,SVC-09,2026-03-01,3,4.166666666666667,82.96666666666667,0.0,0.0,3.0
LOC-06,SVC-03,2026-04-01,4,5.0,82.9,0.0,2.0,1.0
LOC-03,SVC-01,2026-04-01,13,3.84,85.06000000000002,0.0,3.0,9.0
LOC-06,SVC-01,2026-04-01,15,4.427272727272727,83.99166666666666,0.0,1.0,11.0
LOC-05,SVC-02,2026-04-01,7,4.066666666666666,81.025,0.0,2.0,3.0
LOC-01,SVC-06,2026-04-01,7,4.2,84.475,0.0,2.0,3.0
LOC-05,SVC-06,2026-04-01,9,3.9,75.83333333333333,0.0,3.0,3.0
LOC-10,SVC-07,2026-04-01,5,4.15,86.44999999999999,0.0,3.0,2.0
LOC-07,SVC-02,2026-04-01,11,3.8857142857142852,79.25714285714285,0.0,2.0,6.0
LOC-07,SVC-07,2026-04-01,6,4.2,78.85,0.0,1.0,4.0
LOC-05,SVC-01,2026-04-01,14,4.290909090909091,80.61818181818181,0.0,1.0,10.0
LOC-08,SVC-08,2026-04-01,4,4.5,79.36666666666666,0.0,1.0,2.0
LOC-01,SVC-03,2026-04-01,4,4.6,74.1,0.0,1.0,2.0
LOC-02,SVC-01,2026-04-01,12,4.309090909090909,82.46363636363637,0.0,1.0,10.0
LOC-03,SVC-07,2026-04-01,8,3.6714285714285717,85.64285714285712,0.0,1.0,7.0
LOC-03,SVC-08,2026-04-01,3,4.2,93.8,0.0,0.0,2.0
LOC-04,SVC-05,2026-04-01,4,4.066666666666667,80.86666666666666,1.0,1.0,3.0
LOC-10,SVC-05,2026-05-01,8,4.139999999999999,78.75,0.0,2.0,5.0
LOC-09,SVC-03,2026-05-01,3,5.0,86.8,0.0,0.0,1.0
LOC-10,SVC-06,2026-05-01,4,4.75,87.75,0.0,1.0,2.0
LOC-10,SVC-02,2026-05-01,14,4.3999999999999995,83.1,1.0,6.0,5.0
LOC-07,SVC-09,2026-05-01,5,3.266666666666667,82.3,0.0,2.0,2.0
LOC-02,SVC-06,2026-05-01,5,4.266666666666667,77.2,0.0,2.0,3.0
LOC-09,SVC-01,2026-05-01,15,4.2299999999999995,83.17272727272727,0.0,4.0,9.0
LOC-04,SVC-07,2026-05-01,4,4.45,81.15,0.0,1.0,1.0
LOC-08,SVC-05,2026-05-01,13,4.32,86.27272727272727,0.0,2.0,8.0
LOC-02,SVC-05,2026-05-01,9,4.175,82.76,0.0,2.0,4.0
LOC-03,SVC-02,2026-05-01,11,3.742857142857143,82.475,0.0,3.0,8.0
LOC-10,SVC-01,2026-05-01,8,3.925,90.84,0.0,0.0,4.0
LOC-04,SVC-04,2026-05-01,3,,81.8,0.0,2.0,1.0
LOC-02,SVC-04,2026-05-01,6,4.8,88.86666666666667,0.0,1.0,3.0
LOC-01,SVC-09,2026-05-01,4,4.7,86.73333333333335,0.0,1.0,2.0
LOC-06,SVC-05,2026-05-01,8,4.220000000000001,78.7,0.0,1.0,5.0
LOC-01,SVC-04,2026-05-01,6,3.6,91.85,0.0,2.0,2.0
LOC-02,SVC-09,2026-05-01,4,4.300000000000001,74.6,0.0,1.0,2.0
LOC-04,SVC-01,2026-05-01,10,3.957142857142857,81.68750000000001,0.0,0.0,7.0
LOC-08,SVC-01,2026-05-01,14,4.083333333333333,84.90833333333335,0.0,1.0,11.0
LOC-05,SVC-02,2026-06-01,8,4.366666666666666,78.46666666666667,0.0,4.0,3.0
LOC-01,SVC-06,2026-06-01,10,4.0200000000000005,84.06666666666666,0.0,2.0,4.0
LOC-10,SVC-07,2026-06-01,10,4.1,82.675,0.0,2.0,5.0
LOC-06,SVC-04,2026-06-01,9,4.257142857142857,82.475,0.0,1.0,5.0
LOC-03,SVC-01,2026-06-01,19,4.1,82.62666666666665,0.0,3.0,14.0
LOC-06,SVC-03,2026-06-01,7,4.18,87.41666666666667,0.0,1.0,4.0
LOC-06,SVC-01,2026-06-01,12,4.071428571428571,87.9,0.0,3.0,8.0
LOC-04,SVC-05,2026-06-01,11,4.6875,81.81250000000001,0.0,2.0,5.0
LOC-01,SVC-03,2026-06-01,9,4.525,83.1,0.0,2.0,3.0
LOC-07,SVC-02,2026-06-01,8,4.266666666666667,74.23333333333333,0.0,3.0,3.0
LOC-05,SVC-06,2026-06-01,8,4.1,84.38333333333333,0.0,1.0,5.0
LOC-03,SVC-07,2026-06-01,4,4.366666666666666,85.56666666666666,0.0,1.0,3.0
LOC-10,SVC-08,2026-06-01,7,4.55,81.02000000000001,0.0,0.0,5.0
LOC-02,SVC-01,2026-06-01,15,3.6,79.76666666666667,0.0,7.0,5.0
LOC-05,SVC-01,2026-06-01,15,4.309090909090909,80.10909090909091,0.0,2.0,9.0
LOC-05,SVC-09,2026-06-01,5,4.366666666666667,75.43333333333332,0.0,2.0,2.0
LOC-07,SVC-07,2026-06-01,7,4.1,84.56,0.0,2.0,4.0
LOC-03,SVC-08,2026-06-01,6,4.4,77.95000000000002,1.0,1.0,4.0
LOC-04,SVC-09,2026-06-01,1,,,0.0,0.0,0.0
LOC-09,SVC-05,2026-06-01,5,4.7749999999999995,79.95,0.0,1.0,3.0
LOC-09,SVC-04,2026-07-01,4,4.5,80.36666666666666,0.0,1.0,3.0
LOC-09,SVC-04,2026-03-01,1,4.0,94.7,0.0,0.0,0.0
LOC-10,SVC-08,2026-04-01,3,4.233333333333333,82.43333333333332,0.0,0.0,3.0
LOC-04,SVC-09,2026-04-01,4,4.3999999999999995,78.4,0.0,0.0,2.0
LOC-05,SVC-09,2026-04-01,3,3.9,75.30000000000001,0.0,0.0,3.0
LOC-06,SVC-04,2026-04-01,3,4.5,88.2,0.0,0.0,0.0
LOC-09,SVC-05,2026-04-01,2,4.2,90.1,0.0,0.0,1.0
LOC-09,SVC-04,2026-05-01,5,3.6666666666666665,74.67500000000001,0.0,0.0,4.0
LOC-09,SVC-09,2026-05-01,1,4.9,61.8,0.0,0.0,0.0
LOC-04,SVC-06,2026-05-01,1,3.6,97.3,0.0,0.0,1.0
LOC-08,SVC-08,2026-06-01,3,3.9,79.0,0.0,0.0,3.0
LOC-06,SVC-05,2026-07-01,11,4.025,80.56000000000002,0.0,4.0,5.0
LOC-08,SVC-05,2026-07-01,7,4.550000000000001,88.125,0.0,3.0,3.0
LOC-10,SVC-06,2026-07-01,6,3.85,82.55000000000001,0.0,3.0,2.0
LOC-04,SVC-07,2026-07-01,6,4.725,81.35,0.0,2.0,4.0
LOC-01,SVC-04,2026-07-01,6,3.9800000000000004,83.22,0.0,1.0,3.0
LOC-10,SVC-02,2026-07-01,13,4.2,71.76666666666667,0.0,7.0,3.0
LOC-10,SVC-05,2026-07-01,13,4.257142857142857,83.83749999999999,2.0,2.0,7.0
LOC-09,SVC-01,2026-07-01,10,4.300000000000001,87.55999999999999,0.0,3.0,3.0
LOC-04,SVC-06,2026-07-01,9,3.9,85.4,0.0,2.0,5.0
LOC-08,SVC-01,2026-07-01,14,4.45,84.91666666666667,0.0,4.0,5.0
LOC-10,SVC-01,2026-07-01,15,4.266666666666666,82.84444444444445,0.0,3.0,7.0
LOC-09,SVC-03,2026-07-01,8,3.6666666666666665,80.1,0.0,3.0,4.0
LOC-04,SVC-01,2026-07-01,13,4.25,78.3625,0.0,1.0,7.0
LOC-02,SVC-04,2026-07-01,4,3.7,67.0,0.0,2.0,2.0
LOC-02,SVC-05,2026-07-01,11,4.442857142857143,86.15714285714286,1.0,3.0,7.0
LOC-02,SVC-06,2026-07-01,5,4.15,79.75,0.0,1.0,2.0
LOC-03,SVC-02,2026-07-01,5,4.3,86.8,0.0,1.0,0.0
LOC-07,SVC-07,2026-08-01,1,,,0.0,1.0,0.0
LOC-03,SVC-01,2026-08-01,1,,,0.0,1.0,0.0
LOC-09,SVC-09,2026-07-01,3,3.9333333333333336,72.23333333333333,1.0,0.0,3.0
LOC-04,SVC-04,2026-07-01,5,3.7,73.96,0.0,0.0,4.0
LOC-07,SVC-09,2026-07-01,3,4.5,86.6,0.0,0.0,1.0
LOC-01,SVC-09,2026-07-01,3,3.9,81.13333333333333,0.0,0.0,2.0
LOC-02,SVC-09,2026-07-01,2,4.6,78.55000000000001,0.0,0.0,2.0
LOC-07,SVC-02,2026-08-01,1,3.4,78.6,0.0,0.0,1.0
LOC-06,SVC-04,2026-08-01,1,3.5,100.0,0.0,0.0,1.0
LOC-06,SVC-01,2026-08-01,1,4.6,83.5,0.0,0.0,1.0
LOC-04,SVC-05,2026-08-01,1,4.9,88.3,0.0,0.0,1.0
LOC-06,SVC-07,2025-08-01,9,4.0,83.35714285714286,0.0,1.0,5.0
LOC-02,SVC-07,2025-08-01,12,4.5200000000000005,84.57272727272728,0.0,0.0,10.0
LOC-03,SVC-04,2025-08-01,7,4.35,78.97500000000001,1.0,3.0,4.0
LOC-03,SVC-05,2025-08-01,8,3.9749999999999996,83.325,0.0,3.0,4.0
LOC-09,SVC-06,2025-08-01,10,4.3428571428571425,77.25714285714287,0.0,1.0,6.0
LOC-01,SVC-01,2025-08-01,10,4.385714285714285,78.325,0.0,2.0,8.0
LOC-04,SVC-02,2025-08-01,8,3.8666666666666667,76.8,0.0,3.0,3.0
LOC-10,SVC-03,2025-08-01,7,4.3,86.35000000000001,0.0,3.0,3.0
LOC-05,SVC-07,2025-08-01,10,3.966666666666667,79.51666666666667,0.0,2.0,5.0
LOC-09,SVC-07,2025-08-01,2,5.0,86.7,0.0,1.0,1.0
LOC-01,SVC-02,2025-08-01,9,4.225,84.83333333333333,0.0,0.0,5.0
LOC-07,SVC-03,2025-08-01,9,4.5,84.39999999999999,1.0,3.0,6.0
LOC-07,SVC-08,2025-08-01,4,4.7,65.0,0.0,2.0,1.0
LOC-03,SVC-03,2025-08-01,1,,,0.0,0.0,0.0
LOC-01,SVC-03,2025-09-01,5,3.3666666666666667,74.63333333333333,0.0,1.0,2.0
LOC-03,SVC-07,2025-09-01,7,4.466666666666667,84.32499999999999,0.0,2.0,4.0
LOC-03,SVC-01,2025-09-01,11,4.3999999999999995,83.84444444444445,0.0,2.0,9.0
LOC-07,SVC-07,2025-09-01,7,4.0600000000000005,89.14,0.0,1.0,5.0
LOC-05,SVC-02,2025-09-01,4,4.3,90.7,0.0,3.0,1.0
LOC-07,SVC-02,2025-09-01,7,2.7999999999999994,75.56666666666666,0.0,3.0,1.0
LOC-09,SVC-05,2025-09-01,4,4.2,73.95,0.0,2.0,2.0
LOC-05,SVC-01,2025-09-01,7,4.1499999999999995,80.8,0.0,1.0,6.0
LOC-05,SVC-06,2025-09-01,6,4.1000000000000005,77.13333333333333,0.0,2.0,2.0
LOC-06,SVC-03,2025-09-01,3,,,0.0,3.0,0.0
LOC-10,SVC-07,2025-09-01,4,3.966666666666667,86.06666666666668,0.0,1.0,2.0
LOC-06,SVC-01,2025-09-01,17,4.2272727272727275,82.16153846153847,0.0,1.0,10.0
LOC-04,SVC-05,2025-09-01,5,4.525,79.39999999999999,0.0,1.0,3.0
LOC-05,SVC-09,2025-09-01,2,4.6,83.2,0.0,1.0,1.0
LOC-09,SVC-02,2025-10-01,12,4.76,83.61666666666669,0.0,5.0,6.0
LOC-06,SVC-02,2025-10-01,9,3.55,94.75,0.0,0.0,4.0
LOC-03,SVC-06,2025-10-01,9,4.159999999999999,79.22,1.0,4.0,5.0
LOC-05,SVC-03,2025-10-01,4,4.8,88.4,0.0,1.0,2.0
LOC-08,SVC-02,2025-10-01,10,4.675,81.06,0.0,5.0,3.0
LOC-06,SVC-09,2025-10-01,5,4.75,78.69999999999999,0.0,2.0,2.0
LOC-02,SVC-02,2025-10-01,7,4.02,84.26,0.0,1.0,4.0
LOC-07,SVC-06,2025-10-01,7,4.133333333333334,75.56666666666666,0.0,3.0,3.0
LOC-06,SVC-06,2025-10-01,6,4.033333333333334,79.26666666666667,0.0,3.0,3.0
LOC-08,SVC-06,2025-10-01,4,4.7,68.2,0.0,0.0,2.0
LOC-05,SVC-05,2025-10-01,8,4.35,78.34285714285714,0.0,1.0,7.0
LOC-01,SVC-07,2025-10-01,6,4.3500000000000005,77.425,0.0,1.0,4.0
LOC-02,SVC-03,2025-10-01,4,4.333333333333333,88.96666666666665,0.0,1.0,3.0
LOC-07,SVC-01,2025-10-01,3,3.6500000000000004,91.55000000000001,0.0,0.0,2.0
LOC-07,SVC-05,2025-10-01,7,4.66,75.6,0.0,1.0,5.0
LOC-01,SVC-08,2025-10-01,2,4.9,74.0,0.0,1.0,1.0
LOC-10,SVC-09,2025-10-01,7,4.44,83.88333333333333,0.0,0.0,5.0
LOC-06,SVC-09,2025-11-01,3,,91.8,0.0,2.0,1.0
LOC-09,SVC-08,2025-10-01,3,3.3499999999999996,87.6,0.0,1.0,2.0
LOC-01,SVC-05,2025-10-01,8,4.271428571428571,83.7,0.0,1.0,6.0
LOC-06,SVC-06,2025-11-01,11,4.133333333333334,84.96666666666665,0.0,4.0,3.0
LOC-07,SVC-06,2025-11-01,9,4.0,82.375,1.0,5.0,4.0
LOC-07,SVC-01,2025-11-01,17,4.335714285714286,84.07857142857142,0.0,1.0,10.0
LOC-01,SVC-07,2025-11-01,4,3.6,72.8,0.0,1.0,2.0
LOC-04,SVC-03,2025-11-01,5,,,0.0,3.0,0.0
LOC-03,SVC-06,2025-11-01,7,4.45,81.0,0.0,2.0,2.0
LOC-08,SVC-04,2025-11-01,4,3.7,91.8,0.0,1.0,3.0
LOC-09,SVC-02,2025-11-01,7,4.333333333333333,87.2,0.0,1.0,2.0
LOC-02,SVC-02,2025-11-01,4,3.95,89.4,0.0,1.0,2.0
LOC-08,SVC-02,2025-11-01,8,4.133333333333334,79.96666666666667,0.0,2.0,3.0
LOC-07,SVC-04,2025-11-01,8,4.58,81.47999999999999,0.0,1.0,4.0
LOC-01,SVC-08,2025-11-01,3,3.75,82.55,0.0,1.0,2.0
LOC-06,SVC-02,2025-11-01,6,3.366666666666667,77.06666666666668,0.0,1.0,2.0
LOC-05,SVC-05,2025-11-01,5,4.575,77.9,0.0,1.0,3.0
LOC-08,SVC-06,2025-11-01,3,,,0.0,3.0,0.0
LOC-05,SVC-03,2025-11-01,2,4.0,86.1,0.0,1.0,1.0
LOC-02,SVC-03,2025-11-01,5,4.2,99.35,0.0,0.0,2.0
LOC-10,SVC-04,2025-08-01,4,3.5500000000000003,85.53333333333335,0.0,0.0,3.0
LOC-08,SVC-07,2025-08-01,7,4.3,75.34285714285714,0.0,0.0,5.0
LOC-04,SVC-08,2025-08-01,6,3.8166666666666664,81.31666666666666,0.0,0.0,5.0
LOC-05,SVC-04,2025-08-01,1,3.0,96.7,0.0,0.0,1.0
LOC-08,SVC-03,2025-08-01,3,3.733333333333333,75.66666666666667,0.0,0.0,3.0
LOC-02,SVC-01,2025-09-01,6,4.075,78.83333333333333,0.0,0.0,6.0
LOC-06,SVC-04,2025-09-01,3,3.8,87.40000000000002,0.0,0.0,3.0
LOC-01,SVC-06,2025-09-01,3,3.9333333333333336,88.53333333333332,0.0,0.0,3.0
LOC-10,SVC-08,2025-09-01,3,3.6999999999999997,75.96666666666667,0.0,0.0,3.0
LOC-03,SVC-08,2025-09-01,2,3.5999999999999996,85.1,0.0,0.0,2.0
LOC-04,SVC-09,2025-09-01,1,4.9,95.9,0.0,0.0,1.0
LOC-04,SVC-03,2025-10-01,2,4.6,83.8,0.0,0.0,2.0
LOC-02,SVC-08,2025-10-01,6,4.766666666666667,82.35000000000001,1.0,0.0,5.0
LOC-08,SVC-04,2025-10-01,3,3.6,90.25,0.0,0.0,2.0
LOC-06,SVC-08,2025-10-01,4,4.725,77.425,0.0,0.0,4.0
LOC-07,SVC-04,2025-10-01,2,4.5,68.65,0.0,0.0,2.0
LOC-08,SVC-09,2025-10-01,2,3.8,65.94999999999999,0.0,0.0,2.0
LOC-06,SVC-08,2025-11-01,2,2.95,90.1,0.0,0.0,2.0
LOC-08,SVC-09,2025-11-01,5,4.175,77.575,0.0,0.0,4.0
LOC-03,SVC-09,2025-11-01,2,4.0,87.05,0.0,0.0,2.0
LOC-01,SVC-05,2025-11-01,6,3.875,88.075,0.0,0.0,4.0
LOC-07,SVC-05,2025-11-01,6,3.54,86.38333333333334,0.0,0.0,5.0
LOC-10,SVC-09,2025-11-01,3,3.866666666666667,79.0,0.0,0.0,3.0
LOC-09,SVC-08,2025-11-01,1,5.0,96.8,0.0,0.0,1.0
LOC-02,SVC-01,2025-12-01,12,4.16,81.26666666666667,0.0,1.0,6.0
LOC-05,SVC-01,2025-12-01,9,4.014285714285713,79.95714285714287,0.0,0.0,7.0
LOC-05,SVC-06,2025-12-01,4,4.75,78.19999999999999,0.0,2.0,2.0
LOC-03,SVC-07,2025-12-01,8,4.75,87.21999999999998,0.0,2.0,4.0
LOC-10,SVC-07,2025-12-01,3,4.65,84.35,0.0,0.0,0.0
LOC-01,SVC-03,2025-12-01,6,3.3333333333333335,83.6,0.0,2.0,3.0
LOC-01,SVC-06,2025-12-01,5,4.066666666666667,79.33333333333333,0.0,2.0,2.0
LOC-03,SVC-01,2025-12-01,15,4.666666666666667,82.13636363636364,2.0,2.0,9.0
LOC-07,SVC-02,2025-12-01,7,5.0,86.96666666666665,0.0,1.0,3.0
LOC-06,SVC-01,2025-12-01,9,3.9857142857142853,77.81428571428572,0.0,1.0,7.0
LOC-05,SVC-02,2025-12-01,5,4.025,69.675,0.0,0.0,4.0
LOC-07,SVC-07,2025-12-01,4,3.8000000000000003,78.85,0.0,1.0,1.0
LOC-04,SVC-09,2025-12-01,2,3.6,74.9,0.0,0.0,1.0
LOC-10,SVC-03,2026-01-01,9,4.033333333333333,79.675,0.0,2.0,4.0
LOC-07,SVC-03,2026-01-01,7,4.5600000000000005,76.42,0.0,1.0,4.0
LOC-06,SVC-07,2026-01-01,10,4.3,77.4,0.0,2.0,3.0
LOC-05,SVC-08,2026-01-01,2,4.2,85.2,0.0,1.0,1.0
LOC-01,SVC-02,2026-01-01,4,4.4,88.0,0.0,3.0,1.0
LOC-03,SVC-05,2026-01-01,12,4.057142857142858,85.25714285714285,0.0,2.0,7.0
LOC-08,SVC-03,2026-01-01,5,3.75,76.65,0.0,2.0,2.0
LOC-04,SVC-02,2026-01-01,6,4.6,80.30000000000001,0.0,2.0,2.0
LOC-01,SVC-01,2026-01-01,13,4.300000000000001,86.97999999999999,0.0,2.0,9.0
LOC-09,SVC-06,2026-01-01,7,4.3,84.0,0.0,1.0,2.0
LOC-03,SVC-04,2026-01-01,4,4.05,83.9,0.0,0.0,2.0
LOC-07,SVC-08,2026-01-01,3,3.7,90.3,0.0,0.0,2.0
LOC-05,SVC-04,2026-01-01,5,4.2,79.3,1.0,1.0,4.0
LOC-09,SVC-07,2026-01-01,9,4.628571428571428,77.2375,0.0,1.0,6.0
LOC-10,SVC-04,2026-01-01,7,4.08,83.86,1.0,2.0,3.0
LOC-03,SVC-03,2026-01-01,5,3.775,85.375,0.0,1.0,4.0
LOC-05,SVC-07,2026-01-01,5,4.1,91.35,0.0,1.0,3.0
LOC-09,SVC-05,2026-02-01,4,,,0.0,4.0,0.0
LOC-06,SVC-03,2026-02-01,10,4.449999999999999,81.10000000000001,0.0,3.0,5.0
LOC-02,SVC-01,2026-02-01,11,3.933333333333333,76.31428571428572,0.0,4.0,6.0
LOC-01,SVC-06,2026-02-01,12,4.15,77.80000000000001,0.0,3.0,7.0
LOC-04,SVC-05,2026-02-01,6,4.3,88.25999999999999,0.0,1.0,5.0
LOC-10,SVC-08,2026-02-01,2,3.6,87.0,0.0,0.0,1.0
LOC-07,SVC-02,2026-02-01,7,,,0.0,4.0,0.0
LOC-06,SVC-04,2026-02-01,6,4.366666666666666,81.65,0.0,1.0,4.0
LOC-05,SVC-02,2026-02-01,4,3.65,84.80000000000001,0.0,1.0,1.0
LOC-05,SVC-01,2026-02-01,10,4.085714285714286,81.84285714285714,0.0,1.0,5.0
LOC-01,SVC-03,2026-02-01,4,3.9000000000000004,74.9,0.0,2.0,2.0
LOC-06,SVC-01,2026-02-01,12,4.3500000000000005,80.15555555555557,1.0,1.0,6.0
LOC-10,SVC-07,2026-02-01,5,5.0,69.0,0.0,3.0,1.0
LOC-05,SVC-06,2026-02-01,6,4.15,83.80000000000001,0.0,2.0,1.0
LOC-07,SVC-07,2026-02-01,6,4.04,88.42,0.0,0.0,5.0
LOC-03,SVC-01,2026-02-01,12,4.1499999999999995,82.55555555555556,0.0,0.0,9.0
LOC-03,SVC-07,2026-02-01,6,3.95,83.475,0.0,0.0,4.0
LOC-09,SVC-05,2026-03-01,9,4.42,84.82000000000001,1.0,4.0,5.0
LOC-05,SVC-01,2026-03-01,7,4.2,79.66,0.0,1.0,5.0
LOC-06,SVC-04,2026-03-01,4,4.05,80.15,0.0,1.0,1.0
LOC-04,SVC-05,2026-03-01,11,4.65,78.56666666666668,0.0,3.0,6.0
LOC-06,SVC-03,2026-03-01,9,4.199999999999999,75.89999999999999,0.0,4.0,4.0
LOC-02,SVC-01,2026-03-01,14,4.2,84.37777777777777,0.0,3.0,9.0
LOC-05,SVC-06,2026-03-01,6,4.233333333333333,78.80000000000001,0.0,0.0,4.0
LOC-06,SVC-01,2026-03-01,15,3.9777777777777774,78.97272727272727,0.0,4.0,11.0
LOC-05,SVC-09,2026-03-01,4,4.25,75.25,0.0,2.0,2.0
LOC-05,SVC-02,2026-03-01,3,,99.6,0.0,1.0,1.0
LOC-10,SVC-07,2026-03-01,5,4.0,81.225,0.0,1.0,3.0
LOC-07,SVC-02,2026-03-01,8,3.9799999999999995,77.35999999999999,0.0,1.0,5.0
LOC-03,SVC-01,2026-03-01,8,4.083333333333333,86.80000000000001,0.0,0.0,4.0
LOC-07,SVC-07,2026-03-01,3,4.0,90.5,0.0,1.0,1.0
LOC-08,SVC-08,2025-12-01,3,3.6500000000000004,82.55000000000001,0.0,0.0,2.0
LOC-04,SVC-05,2025-12-01,9,4.4375,84.2,0.0,0.0,6.0
LOC-06,SVC-04,2025-12-01,4,4.449999999999999,79.0,0.0,0.0,4.0
LOC-09,SVC-05,2025-12-01,4,4.066666666666666,81.325,0.0,0.0,2.0
LOC-02,SVC-07,2026-01-01,3,4.6000000000000005,89.10000000000001,0.0,0.0,3.0
LOC-08,SVC-07,2026-01-01,1,3.6,87.1,0.0,0.0,0.0
LOC-04,SVC-09,2026-02-01,3,4.5,83.10000000000001,0.0,0.0,2.0
LOC-05,SVC-09,2026-02-01,3,4.35,78.95,0.0,0.0,1.0
LOC-03,SVC-08,2026-02-01,1,4.1,68.3,0.0,0.0,1.0
LOC-10,SVC-08,2026-03-01,2,5.0,98.35,0.0,0.0,2.0
LOC-03,SVC-07,2026-03-01,6,4.8,87.63333333333333,0.0,0.0,6.0
LOC-01,SVC-03,2026-03-01,5,4.050000000000001,77.52000000000001,1.0,0.0,4.0
LOC-08,SVC-08,2026-03-01,7,3.9799999999999995,78.18333333333334,0.0,1.0,3.0
LOC-03,SVC-08,2026-03-01,3,3.733333333333333,84.73333333333333,0.0,0.0,2.0
LOC-04,SVC-09,2026-03-01,2,4.0,66.55000000000001,0.0,0.0,1.0
LOC-10,SVC-08,2025-12-01,1,,,0.0,0.0,0.0
LOC-08,SVC-08,2026-02-01,1,,,0.0,0.0,0.0
LOC-01,SVC-06,2026-03-01,1,,,0.0,1.0,0.0
LOC-01,SVC-09,2026-04-01,5,4.066666666666666,82.05000000000001,0.0,1.0,4.0
LOC-03,SVC-02,2026-04-01,10,3.7,83.33333333333333,0.0,4.0,3.0
LOC-02,SVC-06,2026-04-01,7,4.075,82.34,0.0,1.0,4.0
LOC-02,SVC-04,2026-04-01,4,4.6,85.4,0.0,2.0,1.0
LOC-04,SVC-01,2026-04-01,14,3.914285714285714,82.68571428571428,0.0,4.0,6.0
LOC-08,SVC-01,2026-04-01,8,3.65,84.81428571428572,0.0,1.0,5.0
LOC-06,SVC-05,2026-04-01,11,3.983333333333333,82.73333333333333,0.0,1.0,5.0
LOC-09,SVC-01,2026-04-01,13,4.066666666666666,78.68333333333334,1.0,4.0,5.0
LOC-09,SVC-03,2026-04-01,6,3.4,81.0,0.0,2.0,2.0
LOC-10,SVC-02,2026-04-01,6,4.7,76.35,0.0,2.0,2.0
LOC-01,SVC-04,2026-04-01,2,4.8,85.9,0.0,1.0,1.0
LOC-08,SVC-05,2026-04-01,7,4.083333333333333,76.16666666666667,0.0,1.0,5.0
LOC-02,SVC-05,2026-04-01,12,4.069999999999999,78.45,0.0,0.0,9.0
LOC-07,SVC-09,2026-04-01,6,4.2,77.875,0.0,0.0,4.0
LOC-02,SVC-01,2026-05-01,19,4.216666666666667,83.61428571428571,0.0,6.0,7.0
LOC-10,SVC-05,2026-04-01,8,3.9142857142857146,81.38571428571429,0.0,0.0,6.0
LOC-07,SVC-02,2026-05-01,7,4.1000000000000005,76.84,0.0,1.0,4.0
LOC-05,SVC-06,2026-05-01,8,3.96,85.6,0.0,3.0,3.0
LOC-08,SVC-08,2026-05-01,3,4.05,85.8,0.0,0.0,2.0
LOC-03,SVC-01,2026-05-01,17,3.988888888888889,80.11818181818181,0.0,3.0,8.0
LOC-04,SVC-05,2026-05-01,3,4.3,84.5,0.0,1.0,1.0
LOC-07,SVC-07,2026-05-01,12,3.8777777777777778,77.02222222222221,0.0,3.0,8.0
LOC-01,SVC-06,2026-05-01,5,3.5,93.5,0.0,4.0,1.0
LOC-03,SVC-07,2026-05-01,6,4.1,84.77499999999999,0.0,2.0,4.0
LOC-09,SVC-05,2026-05-01,12,4.159999999999999,78.2,0.0,5.0,5.0
LOC-05,SVC-01,2026-05-01,11,3.9,70.9,0.0,5.0,5.0
LOC-10,SVC-08,2026-05-01,4,3.8666666666666667,81.53333333333332,0.0,1.0,3.0
LOC-06,SVC-01,2026-05-01,13,4.144444444444445,82.88888888888889,0.0,3.0,9.0
LOC-05,SVC-02,2026-05-01,9,4.228571428571429,88.61428571428573,2.0,1.0,6.0
LOC-10,SVC-07,2026-05-01,7,4.32,79.64000000000001,0.0,2.0,3.0
LOC-01,SVC-03,2026-05-01,6,4.0600000000000005,83.3,0.0,1.0,4.0
LOC-04,SVC-09,2026-05-01,3,4.6,84.7,0.0,1.0,2.0
LOC-08,SVC-01,2026-06-01,21,4.574999999999999,76.26666666666667,0.0,4.0,10.0
LOC-03,SVC-02,2026-06-01,14,4.0,88.7,1.0,7.0,3.0
LOC-10,SVC-01,2026-06-01,20,4.33,82.875,0.0,5.0,12.0
LOC-10,SVC-02,2026-06-01,11,4.3,69.27142857142859,0.0,2.0,6.0
LOC-02,SVC-05,2026-06-01,10,3.8375,77.98750000000001,1.0,2.0,8.0
LOC-08,SVC-05,2026-06-01,10,4.8,75.32000000000001,1.0,4.0,4.0
LOC-06,SVC-05,2026-06-01,7,4.5,72.0,0.0,1.0,3.0
LOC-02,SVC-09,2026-06-01,4,3.65,80.35,0.0,2.0,2.0
LOC-10,SVC-06,2026-06-01,7,3.0999999999999996,90.75,0.0,4.0,0.0
LOC-04,SVC-04,2026-06-01,4,3.9,81.39999999999999,0.0,1.0,3.0
LOC-02,SVC-06,2026-06-01,9,4.614285714285714,85.42500000000001,0.0,1.0,8.0
LOC-09,SVC-03,2026-06-01,6,3.8,78.96666666666665,1.0,2.0,3.0
LOC-10,SVC-05,2026-06-01,8,4.283333333333333,78.11666666666666,0.0,1.0,5.0
LOC-04,SVC-07,2026-06-01,3,4.25,78.75,0.0,1.0,1.0
LOC-01,SVC-04,2026-06-01,3,4.25,91.65,0.0,1.0,0.0
LOC-02,SVC-04,2026-06-01,5,4.324999999999999,70.55000000000001,0.0,1.0,3.0
LOC-09,SVC-01,2026-06-01,7,4.6,81.94,0.0,2.0,5.0
LOC-09,SVC-09,2026-06-01,4,4.066666666666666,75.03333333333333,0.0,1.0,3.0
LOC-04,SVC-01,2026-06-01,14,4.6375,82.48888888888888,0.0,3.0,7.0
LOC-09,SVC-04,2026-06-01,4,3.866666666666667,86.26666666666667,0.0,1.0,3.0
LOC-07,SVC-09,2026-06-01,5,4.475,84.425,0.0,1.0,3.0
LOC-10,SVC-06,2026-04-01,4,4.5,76.73333333333333,0.0,0.0,3.0
LOC-04,SVC-07,2026-04-01,5,4.0600000000000005,81.03999999999999,0.0,0.0,3.0
LOC-02,SVC-09,2026-04-01,5,4.466666666666666,81.0,0.0,0.0,3.0
LOC-09,SVC-09,2026-04-01,3,5.0,81.66666666666667,0.0,0.0,2.0
LOC-04,SVC-04,2026-04-01,1,4.0,58.9,0.0,0.0,1.0
LOC-10,SVC-01,2026-04-01,5,4.34,88.25999999999999,0.0,0.0,5.0
LOC-09,SVC-04,2026-04-01,2,3.7,77.5,0.0,0.0,2.0
LOC-06,SVC-03,2026-05-01,9,4.044444444444444,82.92222222222222,0.0,0.0,8.0
LOC-06,SVC-04,2026-05-01,6,4.46,80.16666666666667,0.0,0.0,5.0
LOC-05,SVC-09,2026-05-01,2,3.95,89.95,0.0,0.0,1.0
LOC-03,SVC-08,2026-05-01,1,4.0,89.9,0.0,0.0,0.0
LOC-04,SVC-06,2026-06-01,4,4.733333333333333,82.86666666666667,0.0,0.0,3.0
LOC-01,SVC-09,2026-06-01,1,4.6,91.9,0.0,0.0,1.0
LOC-01,SVC-03,2026-07-01,9,4.175000000000001,82.42500000000001,0.0,1.0,7.0
LOC-10,SVC-07,2026-07-01,6,4.475,79.675,0.0,1.0,2.0
LOC-05,SVC-01,2026-07-01,11,4.2125,85.3125,0.0,1.0,8.0
LOC-05,SVC-02,2026-07-01,11,4.5,81.17142857142856,0.0,4.0,6.0
LOC-01,SVC-06,2026-07-01,8,4.26,86.34999999999998,0.0,1.0,6.0
LOC-09,SVC-05,2026-07-01,9,4.0,83.76666666666667,0.0,1.0,6.0
LOC-06,SVC-01,2026-07-01,20,4.083333333333333,79.03571428571429,1.0,4.0,12.0
LOC-07,SVC-07,2026-07-01,8,3.5,74.15,0.0,2.0,3.0
LOC-07,SVC-02,2026-07-01,12,4.5,82.675,0.0,4.0,3.0
LOC-06,SVC-03,2026-07-01,7,4.45,78.57499999999999,0.0,2.0,3.0
LOC-10,SVC-08,2026-07-01,5,3.6250000000000004,81.65,0.0,0.0,4.0
LOC-03,SVC-01,2026-07-01,19,4.146153846153846,84.66428571428571,0.0,3.0,12.0
LOC-04,SVC-05,2026-07-01,5,4.025,84.075,0.0,1.0,3.0
LOC-04,SVC-09,2026-07-01,4,4.35,80.43333333333334,0.0,1.0,3.0
LOC-03,SVC-07,2026-07-01,5,4.3999999999999995,71.66666666666667,1.0,1.0,2.0
LOC-08,SVC-08,2026-07-01,4,4.233333333333333,80.39999999999999,0.0,1.0,2.0
LOC-02,SVC-01,2026-07-01,13,4.4,78.69999999999999,0.0,2.0,8.0
LOC-05,SVC-06,2026-07-01,6,3.6800000000000006,86.52000000000001,0.0,1.0,4.0
LOC-06,SVC-04,2026-07-01,4,3.45,91.05000000000001,1.0,2.0,2.0
LOC-08,SVC-01,2026-08-01,3,4.85,79.1,0.0,1.0,2.0
LOC-03,SVC-08,2026-07-01,2,3.8499999999999996,78.5,0.0,0.0,2.0
LOC-05,SVC-09,2026-07-01,1,3.9,92.5,0.0,0.0,0.0
LOC-01,SVC-09,2026-08-01,2,4.45,74.55000000000001,0.0,0.0,2.0
LOC-09,SVC-04,2026-08-01,1,5.0,77.9,0.0,0.0,1.0
LOC-04,SVC-07,2026-08-01,1,4.2,79.8,0.0,0.0,0.0
LOC-10,SVC-02,2025-08-01,8,4.220000000000001,81.08,0.0,2.0,5.0
LOC-09,SVC-03,2025-08-01,5,4.35,87.02499999999999,0.0,1.0,4.0
LOC-04,SVC-01,2025-08-01,10,4.275,85.1888888888889,0.0,1.0,7.0
LOC-08,SVC-01,2025-08-01,9,4.24,78.38,1.0,3.0,5.0
LOC-02,SVC-04,2025-08-01,5,4.675,87.225,0.0,0.0,4.0
LOC-10,SVC-05,2025-08-01,13,3.9375,80.36250000000001,0.0,5.0,6.0
LOC-08,SVC-05,2025-08-01,14,4.1,84.34,0.0,2.0,9.0
LOC-02,SVC-05,2025-08-01,9,4.475,81.125,0.0,5.0,3.0
LOC-07,SVC-09,2025-08-01,6,4.3,79.9,0.0,3.0,2.0
LOC-10,SVC-06,2025-08-01,5,3.8,86.66666666666667,0.0,1.0,3.0
LOC-06,SVC-05,2025-08-01,11,4.46,79.3,1.0,3.0,4.0
LOC-03,SVC-02,2025-08-01,8,4.025,79.75,0.0,3.0,4.0
LOC-09,SVC-04,2025-08-01,4,4.4,99.15,0.0,2.0,2.0
LOC-01,SVC-04,2025-08-01,8,4.342857142857143,79.1,0.0,1.0,6.0
LOC-10,SVC-01,2025-08-01,18,4.118181818181818,79.89166666666667,1.0,4.0,11.0
LOC-09,SVC-09,2025-08-01,8,3.966666666666667,83.43333333333334,0.0,2.0,6.0
LOC-04,SVC-07,2025-08-01,4,4.666666666666667,78.56666666666666,0.0,0.0,3.0
LOC-04,SVC-04,2025-08-01,5,4.266666666666667,93.73333333333333,0.0,1.0,3.0
LOC-09,SVC-01,2025-08-01,8,3.6399999999999997,80.25,0.0,1.0,5.0
LOC-09,SVC-02,2025-09-01,8,4.25,80.35,0.0,5.0,2.0
LOC-06,SVC-08,2025-09-01,2,,,0.0,1.0,0.0
LOC-07,SVC-01,2025-09-01,16,4.175,83.45,1.0,4.0,10.0
LOC-08,SVC-06,2025-09-01,5,3.9,72.85,0.0,2.0,2.0
LOC-08,SVC-09,2025-09-01,2,,,0.0,2.0,0.0
LOC-07,SVC-04,2025-09-01,6,4.133333333333334,85.73333333333335,0.0,2.0,2.0
LOC-01,SVC-05,2025-09-01,4,3.966666666666667,89.89999999999999,0.0,1.0,2.0
LOC-02,SVC-08,2025-09-01,3,,,0.0,2.0,0.0
LOC-07,SVC-05,2025-09-01,8,4.2,83.46000000000001,0.0,1.0,3.0
LOC-04,SVC-03,2025-09-01,5,4.1,62.3,0.0,3.0,0.0
LOC-01,SVC-08,2025-09-01,3,4.45,87.3,0.0,0.0,2.0
LOC-02,SVC-02,2025-09-01,8,4.3,79.03333333333332,0.0,3.0,3.0
LOC-06,SVC-02,2025-09-01,9,4.366666666666667,85.7,0.0,2.0,3.0
LOC-05,SVC-05,2025-09-01,9,4.3500000000000005,78.13333333333334,0.0,3.0,5.0
LOC-07,SVC-06,2025-09-01,6,4.066666666666667,84.56666666666666,0.0,3.0,3.0
LOC-08,SVC-02,2025-09-01,12,4.05,85.1375,0.0,2.0,7.0
LOC-08,SVC-04,2025-09-01,7,4.05,81.4,0.0,2.0,1.0
LOC-10,SVC-09,2025-09-01,4,3.9333333333333336,81.93333333333332,0.0,1.0,3.0
LOC-02,SVC-03,2025-09-01,4,4.133333333333334,84.13333333333334,0.0,1.0,1.0
LOC-03,SVC-09,2025-09-01,1,,,0.0,1.0,0.0
LOC-06,SVC-09,2025-09-01,4,4.3,83.43333333333334,1.0,0.0,3.0
LOC-01,SVC-07,2025-09-01,6,4.6000000000000005,83.76666666666667,0.0,1.0,2.0
LOC-05,SVC-03,2025-09-01,3,4.0,74.15,0.0,1.0,1.0
LOC-04,SVC-05,2025-10-01,6,3.9499999999999997,81.5,0.0,2.0,2.0
LOC-03,SVC-07,2025-10-01,9,4.133333333333334,83.0,0.0,4.0,1.0
LOC-03,SVC-08,2025-10-01,6,4.233333333333333,82.92500000000001,0.0,2.0,3.0
LOC-06,SVC-03,2025-10-01,4,3.5,74.1,0.0,1.0,1.0
LOC-04,SVC-09,2025-10-01,3,3.5999999999999996,83.25,0.0,1.0,2.0
LOC-05,SVC-01,2025-10-01,6,4.7,88.6,0.0,3.0,1.0
LOC-08,SVC-08,2025-10-01,6,4.15,75.42500000000001,0.0,2.0,3.0
LOC-03,SVC-01,2025-10-01,9,4.633333333333334,84.9,0.0,2.0,5.0
LOC-07,SVC-02,2025-10-01,10,4.15,78.80000000000001,0.0,2.0,4.0
LOC-06,SVC-04,2025-10-01,10,4.2,82.61666666666667,0.0,4.0,6.0
LOC-05,SVC-09,2025-10-01,5,3.7999999999999994,80.175,0.0,0.0,4.0
LOC-02,SVC-01,2025-10-01,7,4.25,81.08,0.0,2.0,5.0
LOC-05,SVC-02,2025-10-01,6,3.6999999999999997,82.05000000000001,0.0,2.0,3.0
LOC-09,SVC-05,2025-10-01,9,3.6571428571428575,85.55714285714286,0.0,1.0,7.0
LOC-01,SVC-06,2025-10-01,3,4.0,90.7,0.0,1.0,1.0
LOC-05,SVC-06,2025-10-01,5,4.766666666666667,75.4,0.0,1.0,4.0
LOC-10,SVC-08,2025-10-01,5,3.4749999999999996,83.425,0.0,1.0,3.0
LOC-01,SVC-03,2025-10-01,2,4.5,85.1,0.0,1.0,1.0
LOC-07,SVC-02,2025-11-01,11,4.166666666666667,84.75999999999999,0.0,5.0,5.0
LOC-07,SVC-07,2025-11-01,6,3.8499999999999996,76.175,0.0,2.0,3.0
LOC-03,SVC-01,2025-11-01,5,4.566666666666666,76.33333333333334,0.0,2.0,3.0
LOC-10,SVC-07,2025-11-01,7,3.9333333333333336,82.05,0.0,2.0,4.0
LOC-05,SVC-01,2025-11-01,7,3.8333333333333335,75.66666666666667,0.0,2.0,3.0
LOC-06,SVC-04,2025-11-01,8,3.766666666666666,73.82499999999999,0.0,0.0,3.0
LOC-04,SVC-05,2025-11-01,4,4.133333333333334,79.23333333333333,0.0,0.0,2.0
LOC-03,SVC-08,2025-11-01,4,4.8,84.75,0.0,1.0,2.0
LOC-02,SVC-01,2025-11-01,13,3.89090909090909,83.81818181818181,0.0,1.0,9.0
LOC-06,SVC-03,2025-11-01,5,4.375,86.7,0.0,1.0,4.0
LOC-03,SVC-07,2025-11-01,6,4.525,73.25,0.0,1.0,2.0
LOC-01,SVC-03,2025-11-01,3,4.5,98.05000000000001,0.0,1.0,2.0
LOC-06,SVC-01,2025-11-01,9,4.24,82.78,0.0,1.0,4.0
LOC-05,SVC-06,2025-11-01,4,4.533333333333334,82.83333333333333,0.0,1.0,3.0
LOC-01,SVC-09,2025-08-01,3,3.55,82.0,0.0,0.0,1.0
LOC-02,SVC-06,2025-08-01,5,4.3999999999999995,81.36666666666667,0.0,0.0,3.0
LOC-02,SVC-09,2025-08-01,1,4.2,76.6,0.0,0.0,1.0
LOC-06,SVC-06,2025-09-01,3,4.1,71.95,0.0,0.0,2.0
LOC-03,SVC-06,2025-09-01,1,4.5,96.9,0.0,0.0,0.0
LOC-09,SVC-08,2025-09-01,1,5.0,82.6,0.0,0.0,1.0
LOC-06,SVC-01,2025-10-01,4,4.633333333333333,81.7,0.0,0.0,3.0
LOC-10,SVC-07,2025-10-01,2,4.199999999999999,81.4,0.0,0.0,2.0
LOC-07,SVC-07,2025-10-01,2,4.7,91.5,0.0,0.0,1.0
LOC-09,SVC-05,2025-11-01,6,4.16,84.55,0.0,0.0,6.0
LOC-01,SVC-06,2025-11-01,4,3.233333333333333,76.7,0.0,0.0,1.0
LOC-05,SVC-02,2025-11-01,6,4.05,92.0,0.0,1.0,2.0
LOC-08,SVC-08,2025-11-01,1,5.0,64.9,0.0,0.0,1.0
LOC-04,SVC-09,2025-11-01,1,4.1,88.8,0.0,0.0,1.0
LOC-10,SVC-08,2025-11-01,3,5.0,90.1,0.0,0.0,1.0
LOC-06,SVC-09,2025-12-01,4,3.7000000000000006,85.23333333333333,0.0,1.0,3.0
LOC-07,SVC-01,2025-12-01,11,3.95,87.35,0.0,3.0,7.0
LOC-07,SVC-06,2025-12-01,6,4.65,82.83333333333333,0.0,2.0,3.0
LOC-02,SVC-02,2025-12-01,9,3.9,80.58000000000001,0.0,2.0,4.0
LOC-09,SVC-02,2025-12-01,6,4.4,73.4,0.0,4.0,1.0
LOC-01,SVC-05,2025-12-01,8,3.8000000000000003,79.13333333333334,0.0,4.0,3.0
LOC-06,SVC-02,2025-12-01,8,3.6999999999999997,82.42500000000001,0.0,2.0,3.0
LOC-09,SVC-08,2025-12-01,3,,,0.0,1.0,0.0
LOC-08,SVC-04,2025-12-01,8,3.8857142857142852,86.92857142857143,0.0,1.0,5.0
LOC-08,SVC-02,2025-12-01,9,4.08,82.96,0.0,2.0,4.0
LOC-06,SVC-06,2025-12-01,7,4.325,83.875,0.0,3.0,2.0
LOC-10,SVC-09,2025-12-01,3,3.35,73.65,0.0,1.0,2.0
LOC-01,SVC-08,2025-12-01,3,3.9,71.75,0.0,1.0,2.0
LOC-05,SVC-03,2025-12-01,5,4.025,86.275,0.0,1.0,2.0
LOC-01,SVC-07,2025-12-01,10,4.35,86.48333333333333,0.0,4.0,6.0
LOC-07,SVC-04,2025-12-01,3,4.45,86.3,0.0,0.0,2.0
LOC-03,SVC-06,2025-12-01,3,3.9,71.1,0.0,1.0,2.0
LOC-06,SVC-08,2025-12-01,3,3.8,85.4,0.0,1.0,2.0
LOC-08,SVC-01,2026-01-01,12,4.55,79.13333333333334,0.0,5.0,5.0
LOC-02,SVC-03,2025-12-01,6,3.9333333333333336,82.65,0.0,1.0,3.0
LOC-10,SVC-02,2026-01-01,5,3.5250000000000004,82.02499999999999,0.0,1.0,4.0
LOC-06,SVC-05,2026-01-01,8,3.716666666666667,84.24285714285715,0.0,1.0,7.0
LOC-02,SVC-09,2026-01-01,4,3.5666666666666664,84.89999999999999,0.0,1.0,3.0
LOC-07,SVC-09,2026-01-01,2,4.1,86.7,0.0,1.0,1.0
LOC-10,SVC-06,2026-01-01,3,4.8,77.2,0.0,0.0,1.0
LOC-03,SVC-02,2026-01-01,5,3.0,84.0,0.0,2.0,1.0
LOC-10,SVC-05,2026-01-01,6,4.166666666666667,81.06666666666666,0.0,1.0,2.0
LOC-02,SVC-04,2026-01-01,3,4.1,77.6,0.0,2.0,1.0
LOC-04,SVC-07,2026-01-01,4,4.366666666666666,74.60000000000001,0.0,1.0,3.0
LOC-10,SVC-01,2026-01-01,10,4.3625,78.81250000000001,0.0,2.0,6.0
LOC-09,SVC-03,2026-01-01,3,4.6,83.5,0.0,1.0,1.0
LOC-09,SVC-09,2026-01-01,3,4.45,74.3,0.0,0.0,2.0
LOC-09,SVC-04,2026-01-01,7,4.26,86.82,0.0,2.0,4.0
LOC-04,SVC-06,2026-01-01,2,4.6,81.9,0.0,1.0,1.0
LOC-02,SVC-06,2026-01-01,4,3.9,79.23333333333333,0.0,1.0,3.0
LOC-04,SVC-01,2026-01-01,6,4.175,87.45,0.0,1.0,3.0
LOC-02,SVC-03,2026-02-01,7,3.675,82.725,0.0,1.0,4.0
LOC-02,SVC-02,2026-02-01,7,3.4,76.2,0.0,0.0,2.0
LOC-08,SVC-02,2026-02-01,12,4.2,81.1,0.0,5.0,5.0
LOC-07,SVC-06,2026-02-01,5,3.3,81.30000000000001,0.0,3.0,1.0
LOC-07,SVC-05,2026-02-01,7,3.233333333333333,82.525,0.0,2.0,3.0
LOC-05,SVC-03,2026-02-01,3,3.55,85.25,0.0,1.0,2.0
LOC-01,SVC-05,2026-02-01,11,3.8875,79.14999999999999,0.0,1.0,8.0
LOC-08,SVC-06,2026-02-01,3,,,0.0,0.0,0.0
LOC-06,SVC-02,2026-02-01,11,3.6399999999999997,77.86,0.0,4.0,5.0
LOC-06,SVC-06,2026-02-01,6,3.4333333333333336,84.03333333333332,0.0,1.0,3.0
LOC-01,SVC-07,2026-02-01,7,3.85,81.375,0.0,2.0,4.0
LOC-01,SVC-08,2026-02-01,5,4.166666666666667,84.06666666666666,0.0,1.0,1.0
LOC-07,SVC-01,2026-02-01,10,4.083333333333333,83.5125,0.0,1.0,8.0
LOC-07,SVC-04,2026-02-01,6,4.15,78.07499999999999,0.0,1.0,4.0
LOC-03,SVC-06,2026-02-01,8,4.5200000000000005,80.24999999999999,0.0,2.0,5.0
LOC-09,SVC-08,2026-02-01,1,,,0.0,1.0,0.0
LOC-09,SVC-02,2026-02-01,4,4.366666666666667,78.10000000000001,0.0,1.0,3.0
LOC-10,SVC-09,2026-02-01,3,3.8,77.5,0.0,1.0,1.0
LOC-07,SVC-05,2026-03-01,7,4.050000000000001,72.3,0.0,3.0,3.0
LOC-08,SVC-06,2026-03-01,8,3.7,79.44999999999999,0.0,2.0,4.0
LOC-06,SVC-02,2026-03-01,7,3.7000000000000006,77.46666666666667,0.0,3.0,2.0
LOC-10,SVC-09,2026-03-01,5,3.875,81.825,0.0,1.0,2.0
LOC-02,SVC-02,2026-03-01,11,4.3999999999999995,78.41428571428571,1.0,3.0,7.0
LOC-09,SVC-02,2026-03-01,9,4.225,74.35000000000001,0.0,3.0,4.0
LOC-07,SVC-01,2026-03-01,16,4.08,78.73999999999998,0.0,6.0,5.0
LOC-01,SVC-05,2026-03-01,5,4.333333333333333,80.16666666666667,0.0,1.0,3.0
LOC-07,SVC-06,2026-03-01,6,3.65,83.9,0.0,3.0,2.0
LOC-08,SVC-04,2026-03-01,8,4.275,77.075,0.0,2.0,4.0
LOC-05,SVC-05,2026-03-01,13,3.814285714285714,79.425,0.0,1.0,8.0
LOC-03,SVC-06,2026-03-01,6,3.925,81.8,0.0,2.0,4.0
LOC-02,SVC-03,2026-03-01,6,3.925,78.425,0.0,2.0,3.0
LOC-08,SVC-02,2026-03-01,5,3.766666666666667,88.39999999999999,0.0,1.0,3.0
LOC-01,SVC-08,2026-03-01,3,4.5,83.55,0.0,0.0,1.0
LOC-04,SVC-03,2026-03-01,7,4.616666666666666,79.8,0.0,1.0,5.0
LOC-07,SVC-04,2026-03-01,3,4.7,78.7,0.0,2.0,1.0
LOC-01,SVC-07,2026-03-01,4,4.1,77.25,0.0,0.0,2.0
LOC-04,SVC-03,2025-12-01,4,4.166666666666667,79.9,0.0,0.0,2.0
LOC-08,SVC-06,2025-12-01,9,4.237500000000001,84.2,0.0,0.0,8.0
LOC-02,SVC-08,2025-12-01,6,4.0,81.10000000000001,0.0,0.0,4.0
LOC-05,SVC-05,2025-12-01,6,3.78,84.82000000000001,0.0,0.0,4.0
LOC-03,SVC-09,2025-12-01,2,5.0,89.69999999999999,0.0,0.0,2.0
LOC-07,SVC-05,2025-12-01,3,4.3999999999999995,88.43333333333334,1.0,0.0,3.0
LOC-08,SVC-09,2025-12-01,1,4.8,93.8,0.0,0.0,1.0
LOC-08,SVC-05,2026-01-01,5,4.233333333333333,73.08000000000001,0.0,0.0,5.0
LOC-02,SVC-05,2026-01-01,7,4.283333333333333,80.18333333333335,0.0,0.0,5.0
LOC-09,SVC-01,2026-01-01,9,3.999999999999999,76.14285714285714,0.0,0.0,7.0
LOC-01,SVC-09,2026-01-01,3,4.366666666666666,74.96666666666667,0.0,0.0,2.0
LOC-01,SVC-04,2026-01-01,2,4.4,74.45,0.0,0.0,2.0
LOC-04,SVC-04,2026-01-01,2,5.0,80.1,0.0,0.0,1.0
LOC-06,SVC-08,2026-02-01,2,4.8,71.0,0.0,0.0,2.0
LOC-08,SVC-04,2026-02-01,7,3.9285714285714284,81.31428571428572,0.0,0.0,5.0
LOC-04,SVC-03,2026-02-01,2,3.8499999999999996,79.0,0.0,0.0,2.0
LOC-05,SVC-05,2026-02-01,7,4.114285714285715,80.37142857142858,0.0,0.0,7.0
LOC-03,SVC-09,2026-02-01,2,3.6,66.55,0.0,0.0,2.0
LOC-06,SVC-09,2026-02-01,2,3.4,75.5,0.0,0.0,2.0
LOC-05,SVC-03,2026-03-01,5,4.040000000000001,81.02000000000001,0.0,0.0,3.0
LOC-06,SVC-08,2026-03-01,6,4.279999999999999,80.98333333333333,0.0,0.0,6.0
LOC-02,SVC-08,2026-03-01,6,4.225,82.3,0.0,0.0,5.0
LOC-06,SVC-06,2026-03-01,4,4.633333333333333,85.13333333333334,0.0,0.0,3.0
LOC-03,SVC-09,2026-03-01,3,4.033333333333334,82.66666666666667,0.0,0.0,2.0
LOC-09,SVC-08,2026-03-01,2,4.8,85.0,0.0,0.0,1.0
LOC-06,SVC-09,2026-03-01,3,3.6999999999999997,90.25,0.0,1.0,1.0
LOC-08,SVC-09,2026-03-01,4,4.050000000000001,75.44999999999999,0.0,2.0,2.0
LOC-03,SVC-04,2026-04-01,7,4.166666666666667,86.66666666666667,0.0,3.0,2.0
LOC-08,SVC-07,2026-04-01,4,4.2,81.65,0.0,1.0,2.0
LOC-01,SVC-02,2026-04-01,6,4.7,96.6,0.0,1.0,1.0
LOC-09,SVC-07,2026-04-01,4,4.0,81.3,0.0,0.0,2.0
LOC-04,SVC-02,2026-04-01,3,,,0.0,2.0,0.0
LOC-01,SVC-01,2026-04-01,12,4.2,89.48000000000002,0.0,4.0,3.0
LOC-05,SVC-04,2026-04-01,4,4.5,84.56666666666666,0.0,1.0,2.0
LOC-03,SVC-03,2026-04-01,4,3.5,76.19999999999999,0.0,1.0,1.0
LOC-09,SVC-06,2026-04-01,5,4.366666666666666,79.86666666666666,0.0,1.0,3.0
LOC-07,SVC-03,2026-04-01,6,4.0,82.93333333333334,0.0,2.0,3.0
LOC-05,SVC-08,2026-04-01,5,3.766666666666667,86.2,0.0,2.0,3.0
LOC-04,SVC-08,2026-04-01,5,4.35,77.23333333333333,0.0,1.0,3.0
LOC-07,SVC-08,2026-04-01,2,4.6,73.9,0.0,0.0,0.0
LOC-10,SVC-04,2026-04-01,6,4.366666666666667,91.76666666666667,1.0,2.0,3.0
LOC-02,SVC-07,2026-04-01,7,4.3,82.89999999999999,0.0,4.0,3.0
LOC-06,SVC-07,2026-04-01,5,3.5,81.06666666666668,0.0,2.0,3.0
LOC-06,SVC-02,2026-05-01,17,4.277777777777778,81.34444444444443,0.0,4.0,7.0
LOC-03,SVC-09,2026-05-01,3,4.5,75.75,0.0,0.0,1.0
LOC-08,SVC-06,2026-05-01,6,4.8,97.4,0.0,2.0,1.0
LOC-09,SVC-08,2026-05-01,1,,,0.0,1.0,0.0
LOC-08,SVC-02,2026-05-01,12,4.3,83.72500000000001,0.0,7.0,3.0
LOC-10,SVC-09,2026-05-01,4,4.5,85.2,0.0,2.0,1.0
LOC-09,SVC-02,2026-05-01,9,3.875,78.9,1.0,4.0,3.0
LOC-05,SVC-05,2026-05-01,12,4.275,81.77499999999999,0.0,3.0,6.0
LOC-01,SVC-07,2026-05-01,13,4.3,83.76666666666667,0.0,3.0,8.0
LOC-03,SVC-06,2026-05-01,5,3.8,83.1,0.0,2.0,2.0
LOC-02,SVC-02,2026-05-01,9,4.133333333333334,82.675,0.0,4.0,4.0
LOC-06,SVC-06,2026-05-01,8,4.166666666666667,89.16666666666667,0.0,3.0,2.0
LOC-07,SVC-01,2026-05-01,15,4.116666666666667,79.80000000000001,0.0,6.0,8.0
LOC-02,SVC-03,2026-05-01,7,3.88,77.7,0.0,2.0,4.0
LOC-01,SVC-05,2026-05-01,8,4.0,95.2,0.0,2.0,3.0
LOC-07,SVC-05,2026-05-01,4,3.85,73.4,0.0,1.0,2.0
LOC-07,SVC-06,2026-05-01,5,3.5666666666666664,84.39999999999999,0.0,2.0,2.0
LOC-02,SVC-08,2026-05-01,4,2.85,73.05000000000001,0.0,0.0,2.0
LOC-06,SVC-08,2026-05-01,8,4.42,81.58571428571429,3.0,1.0,5.0
LOC-06,SVC-09,2026-05-01,3,2.8,73.95,0.0,1.0,2.0
LOC-04,SVC-03,2026-05-01,4,3.6,91.25,0.0,2.0,2.0
LOC-07,SVC-03,2026-06-01,9,4.4,77.02000000000001,0.0,3.0,4.0
LOC-04,SVC-02,2026-06-01,8,4.1,87.19999999999999,0.0,3.0,2.0
LOC-03,SVC-05,2026-06-01,8,4.14,80.21666666666668,0.0,2.0,6.0
LOC-09,SVC-06,2026-06-01,4,4.7,78.4,0.0,2.0,1.0
LOC-03,SVC-03,2026-06-01,3,3.9,82.2,0.0,1.0,1.0
LOC-02,SVC-07,2026-06-01,4,4.8,79.3,0.0,0.0,1.0
LOC-01,SVC-01,2026-06-01,16,3.966666666666667,80.13076923076923,0.0,2.0,11.0
LOC-07,SVC-08,2026-06-01,4,3.1666666666666665,77.16666666666667,0.0,1.0,3.0
LOC-05,SVC-08,2026-06-01,2,4.0,86.4,0.0,1.0,1.0
LOC-06,SVC-07,2026-06-01,2,,,0.0,1.0,0.0
LOC-10,SVC-03,2026-06-01,3,4.15,78.35,0.0,1.0,1.0
LOC-01,SVC-02,2026-06-01,3,4.35,79.19999999999999,0.0,1.0,2.0
LOC-09,SVC-07,2026-06-01,3,3.4,82.4,0.0,1.0,1.0
LOC-05,SVC-07,2026-06-01,4,4.25,74.5,0.0,0.0,2.0
LOC-08,SVC-03,2026-06-01,6,4.3,81.0,0.0,1.0,4.0
LOC-03,SVC-04,2026-06-01,5,4.833333333333333,82.96666666666665,0.0,2.0,2.0
LOC-03,SVC-05,2026-04-01,3,3.9666666666666663,80.76666666666667,0.0,0.0,3.0
LOC-05,SVC-07,2026-04-01,5,4.5,86.38,0.0,0.0,4.0
LOC-10,SVC-03,2026-04-01,4,4.6,82.05,0.0,0.0,2.0
LOC-08,SVC-03,2026-04-01,4,3.3,100.0,0.0,0.0,1.0
LOC-07,SVC-04,2026-05-01,2,4.9,86.4,0.0,0.0,2.0
LOC-01,SVC-08,2026-05-01,7,4.133333333333333,81.73333333333333,0.0,0.0,4.0
LOC-08,SVC-09,2026-05-01,1,3.7,76.9,0.0,0.0,1.0
LOC-05,SVC-03,2026-05-01,2,3.95,83.2,0.0,0.0,2.0
LOC-08,SVC-04,2026-05-01,2,3.55,80.45,0.0,0.0,2.0
LOC-10,SVC-04,2026-06-01,4,4.5,84.975,0.0,0.0,3.0
LOC-05,SVC-04,2026-06-01,4,3.7750000000000004,84.8,0.0,0.0,3.0
LOC-04,SVC-08,2026-06-01,4,4.066666666666666,81.5,0.0,0.0,3.0
LOC-06,SVC-06,2026-07-01,9,4.54,84.86666666666666,0.0,2.0,6.0
LOC-08,SVC-07,2026-06-01,1,,,0.0,0.0,0.0
LOC-08,SVC-02,2026-07-01,8,4.1,78.1,0.0,4.0,2.0
LOC-08,SVC-04,2026-07-01,9,4.119999999999999,79.14,1.0,1.0,4.0
LOC-07,SVC-05,2026-07-01,14,3.842857142857143,82.74285714285715,0.0,4.0,6.0
LOC-09,SVC-02,2026-07-01,10,4.075,89.425,0.0,6.0,3.0
LOC-07,SVC-06,2026-07-01,8,4.2,80.52000000000001,0.0,0.0,4.0
LOC-02,SVC-03,2026-07-01,11,3.942857142857143,79.75,0.0,2.0,7.0
LOC-06,SVC-02,2026-07-01,12,4.8,84.525,0.0,4.0,4.0
LOC-07,SVC-01,2026-07-01,16,3.922222222222222,82.22222222222223,0.0,7.0,7.0
LOC-03,SVC-06,2026-07-01,8,4.16,84.2,1.0,2.0,4.0
LOC-01,SVC-08,2026-07-01,1,,,0.0,1.0,0.0
LOC-02,SVC-08,2026-07-01,5,4.533333333333333,78.53333333333333,0.0,2.0,2.0
LOC-05,SVC-05,2026-07-01,8,3.816666666666667,79.77142857142857,1.0,1.0,7.0
LOC-01,SVC-05,2026-07-01,17,4.136363636363637,83.32727272727273,0.0,4.0,9.0
LOC-06,SVC-09,2026-07-01,3,5.0,84.5,0.0,1.0,1.0
LOC-01,SVC-07,2026-07-01,7,4.275,84.425,0.0,1.0,3.0
LOC-07,SVC-04,2026-07-01,10,4.216666666666666,79.5,1.0,2.0,5.0
LOC-08,SVC-06,2026-07-01,5,4.4,73.1,0.0,4.0,1.0
LOC-02,SVC-02,2026-07-01,11,4.333333333333333,77.83333333333333,0.0,6.0,3.0
LOC-08,SVC-09,2026-07-01,8,3.7600000000000002,81.84,0.0,2.0,5.0
LOC-04,SVC-03,2026-07-01,5,4.35,85.3,0.0,1.0,3.0
LOC-07,SVC-03,2026-08-01,1,,,0.0,1.0,0.0
LOC-06,SVC-07,2026-08-01,1,,,0.0,0.0,0.0
LOC-06,SVC-08,2026-07-01,7,4.475,87.64,0.0,0.0,3.0
LOC-05,SVC-03,2026-07-01,4,4.0,88.075,0.0,0.0,3.0
LOC-03,SVC-09,2026-07-01,2,4.4,94.4,0.0,0.0,1.0
LOC-09,SVC-08,2026-07-01,4,3.75,77.25,0.0,0.0,3.0
LOC-10,SVC-09,2026-07-01,3,4.2,75.4,0.0,0.0,2.0
LOC-01,SVC-01,2026-08-01,1,,73.5,0.0,0.0,1.0
